input,kind,horizon,metric,sessions,mean,t,p,years,same_sign_years,yearly,hit_rate,share_positive_label,bh_threshold,fdr_significant,evidence
baseline_past_return_5,NUMERIC,1,ic_raw,199,-0.0515511381496806,-4.699765000026539,4.86927529964453e-06,5,5,"{'2022': -0.0501, '2023': -0.0631, '2024': -0.0215, '2025': -0.087, '2026': -0.0258}",,,0.00026595744680851064,True,ROBUST
pct_from_52w_low,NUMERIC,1,ic_thesis,199,0.022309871956272646,3.7151765765984863,0.0002641014565191312,5,4,"{'2022': -0.0022, '2023': 0.0342, '2024': 0.0252, '2025': 0.0185, '2026': 0.0182}",,,0.0005319148936170213,True,ROBUST
vwap_bias,LABEL,1,mean_signed_bps,199,-7.681260501017663,-3.396305778273945,0.0008253858119088261,5,5,"{'2022': -14.18, '2023': -7.1539, '2024': -4.9415, '2025': -12.2483, '2026': -2.1975}",0.4876720632818517,0.530871132866034,0.000797872340425532,False,NO_EVIDENCE
wyckoff_validation_alternative_phase_probability,NUMERIC,1,ic_thesis,199,0.012363778583449113,2.96902842184582,0.0033563457928212563,5,5,"{'2022': 0.0161, '2023': 0.0185, '2024': 0.0128, '2025': 0.0062, '2026': 0.0098}",,,0.0010638297872340426,False,NO_EVIDENCE
phase_convergence,NUMERIC,1,ic_thesis,199,-0.01571915687912411,-2.845946815958051,0.004894033421421695,5,5,"{'2022': -0.0312, '2023': -0.0121, '2024': -0.0177, '2025': -0.011, '2026': -0.0174}",,,0.0013297872340425532,False,NO_EVIDENCE
baseline_past_return_1,NUMERIC,1,ic_raw,199,-0.03190368788749956,-2.8336023407583726,0.00507929719397733,5,4,"{'2022': -0.0689, '2023': -0.0532, '2024': -0.019, '2025': -0.0472, '2026': 0.0248}",,,0.001595744680851064,False,NO_EVIDENCE
governed_invalidation_spot,NUMERIC,1,ic_thesis,199,-0.015755282462104052,-2.8033548273040614,0.0055605502464943415,5,4,"{'2022': -0.0073, '2023': -0.0247, '2024': -0.0308, '2025': -0.0072, '2026': 0.0038}",,,0.0018617021276595746,False,NO_EVIDENCE
baseline_past_return_20,NUMERIC,1,ic_raw,199,-0.032416319983575505,-2.622380589222137,0.00941082485836304,5,5,"{'2022': -0.0317, '2023': -0.0345, '2024': -0.0115, '2025': -0.0481, '2026': -0.0377}",,,0.002127659574468085,False,NO_EVIDENCE
move_age_bars,NUMERIC,1,ic_raw,199,-0.013521032979974928,-2.622109832121072,0.009418048547812963,5,5,"{'2022': -0.013, '2023': -0.0114, '2024': -0.0186, '2025': -0.0122, '2026': -0.0113}",,,0.0023936170212765957,False,NO_EVIDENCE
atr_pct,NUMERIC,1,ic_thesis,199,0.017343750245351754,2.5041589705994327,0.013081682963923816,5,4,"{'2022': -0.0194, '2023': 0.0224, '2024': 0.0228, '2025': 0.0153, '2026': 0.0238}",,,0.0026595744680851063,False,NO_EVIDENCE
range_pct,NUMERIC,1,ic_raw,199,0.033218024697125904,2.388666225188068,0.01784900304901727,5,4,"{'2022': 0.1153, '2023': 0.0382, '2024': -0.018, '2025': 0.0567, '2026': 0.0252}",,,0.0029255319148936173,False,NO_EVIDENCE
direction,LABEL,1,mean_signed_bps,199,4.409016877677963,2.31881436726431,0.021425599408568845,5,4,"{'2022': -0.7567, '2023': 4.6172, '2024': 4.2645, '2025': 4.7774, '2026': 6.4782}",0.5086948874735738,0.5616516672036239,0.003191489361702128,False,NO_EVIDENCE
discovery_direction_preliminary,LABEL,1,mean_signed_bps,199,4.409016877677963,2.31881436726431,0.021425599408568845,5,4,"{'2022': -0.7567, '2023': 4.6172, '2024': 4.2645, '2025': 4.7774, '2026': 6.4782}",0.5086948874735738,0.5616516672036239,0.0034574468085106385,False,NO_EVIDENCE
wyckoff_validation_alternative_phase_probability,NUMERIC,5,ic_thesis,199,0.009201668086683873,2.3017678814144356,0.022388557648676193,5,4,"{'2022': 0.0136, '2023': 0.0152, '2024': 0.0112, '2025': 0.0082, '2026': -0.0041}",,,0.003723404255319149,False,NO_EVIDENCE
lift_proxy_score,NUMERIC,1,ic_thesis,199,-0.011409518259927132,-2.258895111401099,0.02497978130305085,5,5,"{'2022': -0.0299, '2023': -0.0089, '2024': -0.0014, '2025': -0.0205, '2026': -0.007}",,,0.003989361702127659,False,NO_EVIDENCE
pct_from_52w_low,NUMERIC,1,ic_raw,199,0.030502768153049382,2.161474644683679,0.03185874912709235,5,5,"{'2022': 0.026, '2023': 0.0111, '2024': 0.037, '2025': 0.0334, '2026': 0.0484}",,,0.00425531914893617,False,NO_EVIDENCE
range_pct,NUMERIC,1,ic_thesis,199,0.012851640611352591,2.0504413544336564,0.04163893257700213,5,4,"{'2022': -0.0096, '2023': 0.0199, '2024': 0.0194, '2025': 0.0098, '2026': 0.0083}",,,0.004521276595744681,False,NO_EVIDENCE
atr_pct,NUMERIC,1,ic_raw,199,0.031905133822124156,1.8345352285483927,0.06807520818373047,5,4,"{'2022': 0.1422, '2023': 0.0333, '2024': -0.0254, '2025': 0.0536, '2026': 0.0267}",,,0.0047872340425531915,False,NO_EVIDENCE
abnormal_repricing_score,NUMERIC,1,ic_raw,199,0.011199803941512845,1.8286250180845158,0.06896030212819855,5,3,"{'2022': -0.011, '2023': 0.0157, '2024': -0.004, '2025': 0.012, '2026': 0.0385}",,,0.0050531914893617025,False,NO_EVIDENCE
phase_convergence,NUMERIC,1,ic_raw,199,-0.006655839049340263,-1.784677548762476,0.07584469353844542,5,5,"{'2022': -0.0104, '2023': -0.002, '2024': -0.0055, '2025': -0.0103, '2026': -0.008}",,,0.005319148936170213,False,NO_EVIDENCE
days_in_range,NUMERIC,1,ic_raw,196,0.015973990588234992,1.7726025647308559,0.07785588470829938,5,4,"{'2022': 0.0211, '2023': 0.0387, '2024': -0.0046, '2025': 0.017, '2026': 0.0077}",,,0.005585106382978724,False,NO_EVIDENCE
gap_pct,NUMERIC,1,ic_raw,199,-0.02143581501143667,-1.7592708089585767,0.08007604916078677,5,4,"{'2022': -0.0434, '2023': -0.0266, '2024': -0.0288, '2025': -0.0229, '2026': 0.0121}",,,0.005851063829787235,False,NO_EVIDENCE
days_in_range,NUMERIC,5,ic_raw,196,0.014457078214945731,1.7304082734478046,0.0851393981384681,5,4,"{'2022': -0.0006, '2023': 0.0187, '2024': 0.0063, '2025': 0.0221, '2026': 0.017}",,,0.006117021276595746,False,NO_EVIDENCE
base_conditions_count,NUMERIC,5,ic_thesis,179,-0.01347686091334463,-1.7295554729839118,0.08544326716508932,5,4,"{'2022': 0.0243, '2023': -0.0143, '2024': -0.0202, '2025': -0.0173, '2026': -0.0125}",,,0.006382978723404256,False,NO_EVIDENCE
precor_intent,LABEL,1,mean_signed_bps,199,3.5548805454163346,1.6843704354599585,0.09368575773545992,5,5,"{'2022': 2.6717, '2023': 5.0488, '2024': 1.9817, '2025': 4.1365, '2026': 3.2392}",0.5065612812159683,0.5870813955179217,0.006648936170212766,False,NO_EVIDENCE
wyckoff_validation_phase_maturity_score,NUMERIC,1,ic_thesis,199,0.010009263800772326,1.6707006822273398,0.09636071095133196,5,4,"{'2022': 0.0394, '2023': 0.0162, '2024': -0.0003, '2025': 0.0008, '2026': 0.0153}",,,0.006914893617021277,False,NO_EVIDENCE
move_age_bars,NUMERIC,5,ic_raw,199,-0.00911097814950682,-1.6517367044405458,0.100173253585759,5,5,"{'2022': -0.0154, '2023': -0.0095, '2024': -0.0084, '2025': -0.0019, '2026': -0.0176}",,,0.007180851063829788,False,NO_EVIDENCE
baseline_past_return_5,NUMERIC,5,ic_raw,199,-0.016787545186662624,-1.6502331127398426,0.10048065120225268,5,5,"{'2022': -0.0405, '2023': -0.0275, '2024': -0.017, '2025': -0.0072, '2026': -0.0021}",,,0.007446808510638298,False,NO_EVIDENCE
adx_14,NUMERIC,10,ic_raw,199,0.014391788583285924,1.6418742827639927,0.1038051528670296,5,5,"{'2022': 0.0189, '2023': 0.0128, '2024': 0.0013, '2025': 0.017, '2026': 0.0309}",,,0.007712765957446809,False,NO_EVIDENCE
range_expansion_vs_20d,NUMERIC,5,ic_raw,199,0.009920102899220382,1.591690509506354,0.1130495127518164,5,4,"{'2022': -0.0254, '2023': 0.0132, '2024': 0.0035, '2025': 0.0096, '2026': 0.0339}",,,0.007978723404255319,False,NO_EVIDENCE
vwap_bias,LABEL,5,mean_signed_bps,199,-6.977578404501051,-1.5531372463867799,0.12198727274286278,5,4,"{'2022': -20.4688, '2023': -7.2584, '2024': -9.3203, '2025': -9.2411, '2026': 7.8257}",0.49562929716099713,0.530871132866034,0.00824468085106383,False,NO_EVIDENCE
early_formation_score,NUMERIC,5,ic_thesis,196,-0.012063369937393221,-1.5444315373841084,0.12410513095484386,5,5,"{'2022': -0.0033, '2023': -0.0139, '2024': -0.0036, '2025': -0.018, '2026': -0.018}",,,0.00851063829787234,False,NO_EVIDENCE
abnormal_repricing_score,NUMERIC,1,ic_thesis,199,-0.012078835294674968,-1.5386196492613384,0.12549372313130808,5,3,"{'2022': -0.0673, '2023': 0.0016, '2024': 0.0003, '2025': -0.0208, '2026': -0.0097}",,,0.008776595744680852,False,NO_EVIDENCE
wyckoff_score,NUMERIC,10,ic_thesis,199,0.009619051664803951,1.5444334046554098,0.12569021884883547,5,4,"{'2022': 0.0344, '2023': -0.0021, '2024': 0.0177, '2025': 0.0041, '2026': 0.0107}",,,0.009042553191489363,False,NO_EVIDENCE
early_formation_score,NUMERIC,10,ic_raw,196,-0.017371096748605007,-1.5186231718370868,0.1321100956371401,5,4,"{'2022': -0.1086, '2023': -0.0234, '2024': 0.007, '2025': -0.0099, '2026': -0.008}",,,0.009308510638297872,False,NO_EVIDENCE
wyckoff_validation_phase_maturity_score,NUMERIC,1,ic_raw,199,0.008475995864347576,1.5111549444442285,0.13234328694117448,5,5,"{'2022': 0.0046, '2023': 0.0095, '2024': 0.007, '2025': 0.0121, '2026': 0.0055}",,,0.009574468085106383,False,NO_EVIDENCE
days_in_range,NUMERIC,10,ic_thesis,196,0.01697051076399746,1.5173773861137603,0.1324238856672814,5,4,"{'2022': 0.0643, '2023': 0.019, '2024': -0.0264, '2025': 0.0286, '2026': 0.0376}",,,0.009840425531914894,False,NO_EVIDENCE
wyckoff_transition_conf,NUMERIC,5,ic_raw,60,0.014244972510136041,1.5098469828587178,0.13641974529040277,5,4,"{'2022': 0.0159, '2023': 0.0241, '2024': -0.006, '2025': 0.0172, '2026': 0.0259}",,,0.010106382978723405,False,NO_EVIDENCE
fusion_contradictions,NUMERIC,10,ic_thesis,199,-0.008286900528397574,-1.4992687274460168,0.13700224435982397,5,4,"{'2022': -0.0108, '2023': 0.0019, '2024': -0.0136, '2025': -0.008, '2026': -0.015}",,,0.010372340425531916,False,NO_EVIDENCE
truth_confidence,NUMERIC,10,ic_thesis,199,0.009334344907177732,1.4935172113020898,0.13849830720447928,5,4,"{'2022': 0.0327, '2023': -0.0004, '2024': 0.0129, '2025': 0.0091, '2026': 0.0068}",,,0.010638297872340425,False,NO_EVIDENCE
gap_pct,NUMERIC,10,ic_raw,199,-0.0255232262399707,-1.4861721273657365,0.1404274267785023,5,4,"{'2022': -0.0408, '2023': -0.0464, '2024': -0.0417, '2025': -0.008, '2026': 0.0132}",,,0.010904255319148938,False,NO_EVIDENCE
wyckoff_validation_transition_probability_20_bars,NUMERIC,10,ic_thesis,199,0.010215802693382943,1.4497566525616095,0.15030300529311222,5,4,"{'2022': 0.0292, '2023': 0.0115, '2024': -0.001, '2025': 0.0094, '2026': 0.0169}",,,0.011170212765957447,False,NO_EVIDENCE
fusion_alignment_score,NUMERIC,10,ic_thesis,199,0.007707907975718326,1.4383862894820982,0.15349429261078829,5,4,"{'2022': 0.0357, '2023': -0.0045, '2024': 0.0112, '2025': 0.0037, '2026': 0.0127}",,,0.011436170212765957,False,NO_EVIDENCE
pct_from_52w_low,NUMERIC,20,ic_raw,199,0.02782054703320933,1.4251206309015554,0.16049359863500498,5,4,"{'2022': -0.046, '2023': 0.0068, '2024': 0.0431, '2025': 0.0707, '2026': 0.009}",,,0.01170212765957447,False,NO_EVIDENCE
phase_strength,NUMERIC,5,ic_raw,196,0.010354060495521365,1.3998112238429237,0.16315875965270552,5,4,"{'2022': 0.0004, '2023': 0.0171, '2024': 0.0023, '2025': 0.023, '2026': -0.0014}",,,0.011968085106382979,False,NO_EVIDENCE
adx_14,NUMERIC,10,ic_thesis,199,0.008663832569714721,1.3500766117466227,0.18008560984007396,5,4,"{'2022': 0.0321, '2023': 0.0139, '2024': -0.0097, '2025': 0.0102, '2026': 0.0142}",,,0.012234042553191491,False,NO_EVIDENCE
wyckoff_validation_phase_probability,NUMERIC,10,ic_raw,199,0.008556571177254953,1.3411738859253137,0.18294838109064165,5,3,"{'2022': -0.0125, '2023': 0.0117, '2024': -0.0012, '2025': 0.0196, '2026': 0.0127}",,,0.0125,False,NO_EVIDENCE
phase_evidence_strength,NUMERIC,10,ic_raw,199,0.008556571177254953,1.3411738859253137,0.18294838109064165,5,3,"{'2022': -0.0125, '2023': 0.0117, '2024': -0.0012, '2025': 0.0196, '2026': 0.0127}",,,0.012765957446808512,False,NO_EVIDENCE
adx_14,NUMERIC,5,ic_thesis,199,0.006949789064563242,1.3360127739357932,0.18307859469884685,5,4,"{'2022': 0.0226, '2023': 0.0031, '2024': -0.0041, '2025': 0.0099, '2026': 0.0173}",,,0.013031914893617023,False,NO_EVIDENCE
wyckoff_transition_conf,NUMERIC,10,ic_raw,60,0.01716718826734397,1.3310246201990215,0.19355127339715697,5,4,"{'2022': -0.007, '2023': 0.0228, '2024': 0.0118, '2025': 0.0143, '2026': 0.0327}",,,0.013297872340425532,False,NO_EVIDENCE
move_age_bars,NUMERIC,1,ic_thesis,199,-0.007883716565456087,-1.3011286669479416,0.19472647309138635,5,3,"{'2022': 0.0099, '2023': 0.0044, '2024': -0.0104, '2025': -0.0068, '2026': -0.0344}",,,0.013563829787234045,False,NO_EVIDENCE
crabel_compression,NUMERIC,1,ic_raw,199,-0.009503132406015677,-1.2953338393083162,0.19671330001409726,5,4,"{'2022': -0.0411, '2023': -0.0063, '2024': 0.0046, '2025': -0.0184, '2026': -0.0058}",,,0.013829787234042554,False,NO_EVIDENCE
lift_proxy_score,NUMERIC,1,ic_raw,199,0.007824579085178298,1.294156725668949,0.19711870922392116,5,4,"{'2022': 0.0075, '2023': 0.0086, '2024': -0.0004, '2025': 0.0057, '2026': 0.023}",,,0.014095744680851065,False,NO_EVIDENCE
win_probability,NUMERIC,1,ic_raw,199,0.009808579329856078,1.2941353736248413,0.1971260687591848,5,4,"{'2022': 0.0234, '2023': 0.0031, '2024': -0.0008, '2025': 0.0161, '2026': 0.02}",,,0.014361702127659576,False,NO_EVIDENCE
repricing_direction,LABEL,10,mean_signed_bps,199,-14.033604865213713,-1.286376701319911,0.20132699957634698,5,5,"{'2022': -29.4354, '2023': -19.8979, '2024': -3.4745, '2025': -5.8874, '2026': -25.9155}",0.49322894225231856,0.5422724443105986,0.014627659574468085,False,NO_EVIDENCE
composite_score,NUMERIC,1,ic_raw,199,0.00965665852166428,1.2724612780271878,0.20470152345630444,5,4,"{'2022': 0.0232, '2023': 0.0027, '2024': -0.001, '2025': 0.0161, '2026': 0.0199}",,,0.014893617021276596,False,NO_EVIDENCE
composite_adjusted,NUMERIC,1,ic_raw,199,0.00965665852166428,1.2724612780271878,0.20470152345630444,5,4,"{'2022': 0.0232, '2023': 0.0027, '2024': -0.001, '2025': 0.0161, '2026': 0.0199}",,,0.015159574468085107,False,NO_EVIDENCE
event_evidence_strength,NUMERIC,10,ic_thesis,199,0.006363147028860572,1.2739405856671204,0.2056821884793418,5,4,"{'2022': 0.0112, '2023': -0.0011, '2024': 0.0088, '2025': 0.0033, '2026': 0.0164}",,,0.015425531914893618,False,NO_EVIDENCE
wyckoff_validation_transition_probability_10_bars,NUMERIC,10,ic_thesis,199,0.007903125023819449,1.2534894778685404,0.21299474466613513,5,4,"{'2022': 0.0119, '2023': 0.019, '2024': 0.0027, '2025': -0.0005, '2026': 0.0098}",,,0.01569148936170213,False,NO_EVIDENCE
days_in_range,NUMERIC,5,ic_thesis,196,0.010330497947976094,1.2150647701426904,0.22581055361107796,5,4,"{'2022': 0.0481, '2023': 0.012, '2024': -0.023, '2025': 0.0257, '2026': 0.0155}",,,0.015957446808510637,False,NO_EVIDENCE
fusion_alignment_score,NUMERIC,1,ic_raw,199,0.007555137643372982,1.2131535861200613,0.22651640693306693,5,4,"{'2022': 0.0182, '2023': 0.0143, '2024': -0.0011, '2025': 0.0023, '2026': 0.0131}",,,0.01622340425531915,False,NO_EVIDENCE
precor_intent,LABEL,20,mean_signed_bps,199,-19.28911674076261,-1.2159528320701416,0.22985819558593107,5,5,"{'2022': -3.9345, '2023': -19.8938, '2024': -4.3086, '2025': -19.5758, '2026': -49.4605}",0.49271461814555934,0.5870813955179217,0.01648936170212766,False,NO_EVIDENCE
wyckoff_transition_conf,NUMERIC,1,ic_thesis,60,-0.009403323649553097,-1.209356203014434,0.23134984241014275,5,4,"{'2022': 0.0296, '2023': -0.0188, '2024': -0.0047, '2025': -0.0117, '2026': -0.0157}",,,0.016755319148936174,False,NO_EVIDENCE
gap_pct,NUMERIC,5,ic_thesis,199,-0.006288578746466958,-1.1983210478041362,0.23222441526519869,5,3,"{'2022': -0.0263, '2023': 0.0017, '2024': -0.0162, '2025': -0.0076, '2026': 0.0095}",,,0.01702127659574468,False,NO_EVIDENCE
wyckoff_validation_phase_correctness_score,NUMERIC,10,ic_thesis,199,0.008217296254586018,1.2016371965858212,0.23238530925474213,5,5,"{'2022': 0.0367, '2023': 0.0013, '2024': 0.0059, '2025': 0.006, '2026': 0.0109}",,,0.017287234042553192,False,NO_EVIDENCE
adv_dollars,NUMERIC,20,ic_raw,199,0.019785340740175725,1.2024677341787036,0.23499046752255606,5,3,"{'2022': -0.038, '2023': 0.0517, '2024': 0.05, '2025': 0.0074, '2026': -0.0272}",,,0.017553191489361703,False,NO_EVIDENCE
baseline_past_return_60,NUMERIC,1,ic_thesis,199,0.007023697212530398,1.187202862593463,0.23656996996238,5,3,"{'2022': 0.0129, '2023': 0.0198, '2024': 0.0088, '2025': -0.0001, '2026': -0.0076}",,,0.017819148936170214,False,NO_EVIDENCE
phase_strength,NUMERIC,1,ic_raw,196,0.008428181985031093,1.1679203898900419,0.24426487198473645,5,4,"{'2022': 0.0128, '2023': 0.0189, '2024': -0.0116, '2025': 0.0141, '2026': 0.012}",,,0.018085106382978725,False,NO_EVIDENCE
gap_pct,NUMERIC,1,ic_thesis,199,-0.006515841565926278,-1.156772516467154,0.24875902217632037,5,3,"{'2022': -0.0203, '2023': 0.0044, '2024': -0.019, '2025': -0.0069, '2026': 0.0039}",,,0.018351063829787236,False,NO_EVIDENCE
wyckoff_validation_phase_maturity_score,NUMERIC,10,ic_thesis,199,0.008853789907256618,1.1508565864109108,0.2525773688641567,5,4,"{'2022': 0.0212, '2023': 0.0116, '2024': -0.0035, '2025': 0.0127, '2026': 0.0115}",,,0.018617021276595744,False,NO_EVIDENCE
adx_14,NUMERIC,5,ic_raw,199,0.0081333812887563,1.1408028289199978,0.255329937517821,5,5,"{'2022': 0.012, '2023': 0.0063, '2024': 0.004, '2025': 0.0083, '2026': 0.0152}",,,0.01888297872340426,False,NO_EVIDENCE
adx_14,NUMERIC,20,ic_raw,199,0.013770695182873372,1.1501002760576144,0.25571327742651534,5,4,"{'2022': 0.0301, '2023': 0.0145, '2024': -0.0127, '2025': 0.0136, '2026': 0.0454}",,,0.019148936170212766,False,NO_EVIDENCE
wyckoff_validation_transition_probability_20_bars,NUMERIC,1,ic_raw,199,0.00642067421483546,1.1373155824350167,0.25678083343090863,5,5,"{'2022': 0.003, '2023': 0.0113, '2024': 0.0037, '2025': 0.0073, '2026': 0.0036}",,,0.019414893617021277,False,NO_EVIDENCE
adv_dollars,NUMERIC,10,ic_raw,199,0.01278419661660624,1.135639666418073,0.2588630891109192,5,3,"{'2022': -0.0122, '2023': 0.0324, '2024': 0.0342, '2025': 0.0016, '2026': -0.0205}",,,0.019680851063829788,False,NO_EVIDENCE
event_evidence_strength,NUMERIC,5,ic_raw,199,-0.005783378549391837,-1.1315095940449131,0.25920923474547286,5,4,"{'2022': -0.0039, '2023': 0.0022, '2024': -0.0134, '2025': -0.0083, '2026': -0.0035}",,,0.0199468085106383,False,NO_EVIDENCE
truth_confidence,NUMERIC,1,ic_raw,199,0.008461020221805528,1.127250152985057,0.2610009429982013,5,4,"{'2022': 0.0275, '2023': 0.0091, '2024': -0.0052, '2025': 0.008, '2026': 0.0194}",,,0.02021276595744681,False,NO_EVIDENCE
wyckoff_validation_transition_probability_10_bars,NUMERIC,20,ic_thesis,199,0.009894965918810644,1.1303679927039454,0.26385199656140323,5,5,"{'2022': 0.0179, '2023': 0.013, '2024': 0.0091, '2025': 0.0017, '2026': 0.0149}",,,0.02047872340425532,False,NO_EVIDENCE
volume_ratio,NUMERIC,1,ic_raw,199,0.0060827497549171584,1.1201513674775723,0.264006144835564,5,3,"{'2022': -0.0345, '2023': 0.0123, '2024': 0.0045, '2025': -0.004, '2026': 0.0362}",,,0.020744680851063832,False,NO_EVIDENCE
baseline_past_return_5,NUMERIC,10,ic_raw,199,-0.016617624642429957,-1.1187160013345319,0.265982152267744,5,4,"{'2022': -0.0553, '2023': -0.0093, '2024': -0.0147, '2025': -0.0303, '2026': 0.0109}",,,0.021010638297872343,False,NO_EVIDENCE
adv_dollars,NUMERIC,5,ic_raw,199,0.009297364249267859,1.091938781452423,0.27618688747407294,5,3,"{'2022': -0.0039, '2023': 0.0197, '2024': 0.025, '2025': 0.0058, '2026': -0.0191}",,,0.02127659574468085,False,NO_EVIDENCE
days_to_trigger,NUMERIC,10,ic_raw,180,0.014596827218128256,1.0890355552248334,0.27907830118569055,5,4,"{'2022': 0.0984, '2023': 0.0094, '2024': 0.0039, '2025': -0.0005, '2026': 0.0242}",,,0.02154255319148936,False,NO_EVIDENCE
adx_14,NUMERIC,1,ic_thesis,199,0.0050418165893173885,1.0819154751203763,0.2806059844296984,5,4,"{'2022': 0.0279, '2023': 0.0111, '2024': 0.0006, '2025': -0.0058, '2026': 0.0073}",,,0.021808510638297876,False,NO_EVIDENCE
wyckoff_validation_transition_probability_10_bars,NUMERIC,5,ic_thesis,199,0.004700348861815449,1.074715876769724,0.28380986274635683,5,4,"{'2022': 0.0174, '2023': 0.0084, '2024': 0.0073, '2025': -0.0062, '2026': 0.0051}",,,0.022074468085106384,False,NO_EVIDENCE
pct_from_52w_low,NUMERIC,10,ic_raw,199,0.016257969475705222,1.0746686582531497,0.28514858251262853,5,3,"{'2022': -0.0391, '2023': -0.0034, '2024': 0.0341, '2025': 0.0452, '2026': 0.0033}",,,0.022340425531914895,False,NO_EVIDENCE
wyckoff_validation_transition_probability_5_bars,NUMERIC,10,ic_thesis,199,0.006847414563280382,1.0709076500790498,0.2868280019704395,5,4,"{'2022': 0.0091, '2023': 0.0174, '2024': 0.0024, '2025': -0.0013, '2026': 0.0089}",,,0.022606382978723406,False,NO_EVIDENCE
wyckoff_validation_phase_probability,NUMERIC,5,ic_raw,199,0.004809715396743819,1.0629971649395205,0.2890779724736187,5,4,"{'2022': -0.0161, '2023': 0.009, '2024': 0.0025, '2025': 0.0123, '2026': 0.0011}",,,0.022872340425531913,False,NO_EVIDENCE
phase_evidence_strength,NUMERIC,5,ic_raw,199,0.004809715396743819,1.0629971649395205,0.2890779724736187,5,4,"{'2022': -0.0161, '2023': 0.009, '2024': 0.0025, '2025': 0.0123, '2026': 0.0011}",,,0.023138297872340428,False,NO_EVIDENCE
truth_confidence,NUMERIC,1,ic_thesis,199,0.005240499847694835,1.0618527662344155,0.28959596849878955,5,4,"{'2022': 0.0046, '2023': 0.0128, '2024': 0.0072, '2025': 0.0008, '2026': -0.0023}",,,0.02340425531914894,False,NO_EVIDENCE
days_to_trigger,NUMERIC,20,ic_raw,180,0.019900334098481565,1.0671086497645426,0.2917430036020313,5,4,"{'2022': 0.0753, '2023': 0.0253, '2024': 0.0216, '2025': -0.0078, '2026': 0.0252}",,,0.023670212765957446,False,NO_EVIDENCE
composite_score,NUMERIC,10,ic_thesis,199,0.006674173899437197,1.0482715726170908,0.29707886485906554,5,4,"{'2022': 0.0316, '2023': -0.008, '2024': 0.0215, '2025': 0.0008, '2026': 0.0022}",,,0.023936170212765957,False,NO_EVIDENCE
composite_adjusted,NUMERIC,10,ic_thesis,199,0.006674173899437197,1.0482715726170908,0.29707886485906554,5,4,"{'2022': 0.0316, '2023': -0.008, '2024': 0.0215, '2025': 0.0008, '2026': 0.0022}",,,0.02420212765957447,False,NO_EVIDENCE
win_probability,NUMERIC,10,ic_thesis,199,0.006668599773832743,1.0469843428999839,0.2976691764378864,5,4,"{'2022': 0.0315, '2023': -0.008, '2024': 0.0215, '2025': 0.0009, '2026': 0.0022}",,,0.024468085106382983,False,NO_EVIDENCE
adv_dollars,NUMERIC,1,ic_thesis,199,-0.005469708686270756,-1.0428673175601586,0.29828137141929617,5,2,"{'2022': -0.0091, '2023': 0.0008, '2024': -0.0248, '2025': 0.0008, '2026': 0.0071}",,,0.02473404255319149,False,NO_EVIDENCE
pct_from_52w_low,NUMERIC,10,ic_thesis,199,0.007539674004704071,1.0374634090935575,0.3020600921671723,5,4,"{'2022': 0.0267, '2023': 0.0026, '2024': 0.016, '2025': -0.0015, '2026': 0.006}",,,0.025,False,NO_EVIDENCE
days_in_range,NUMERIC,10,ic_raw,196,0.011613335096702147,1.0240294343939225,0.30836842172411744,5,4,"{'2022': -0.0005, '2023': 0.0159, '2024': 0.008, '2025': 0.0083, '2026': 0.0218}",,,0.02526595744680851,False,NO_EVIDENCE
wyckoff_validation_transition_probability_5_bars,NUMERIC,20,ic_thesis,199,0.008870566112470129,1.0185091466515284,0.3134642444308486,5,5,"{'2022': 0.0148, '2023': 0.0097, '2024': 0.009, '2025': 0.0019, '2026': 0.015}",,,0.025531914893617023,False,NO_EVIDENCE
range_expansion_vs_20d,NUMERIC,5,ic_thesis,199,-0.004846291090644532,-1.0085412252329187,0.31442560824863863,5,3,"{'2022': -0.0182, '2023': -0.0065, '2024': 0.0009, '2025': 0.0003, '2026': -0.012}",,,0.025797872340425534,False,NO_EVIDENCE
pct_from_52w_low,NUMERIC,5,ic_raw,199,0.011929788888095188,0.9962372006806655,0.3203508410880062,5,3,"{'2022': -0.0413, '2023': -0.0044, '2024': 0.026, '2025': 0.0369, '2026': 0.0046}",,,0.026063829787234045,False,NO_EVIDENCE
wyckoff_validation_phase_correctness_score,NUMERIC,1,ic_raw,199,0.007551924049681707,0.9949085019564734,0.320995072699669,5,4,"{'2022': 0.0266, '2023': 0.0077, '2024': -0.0049, '2025': 0.0084, '2026': 0.0153}",,,0.026329787234042553,False,NO_EVIDENCE
wyckoff_transition_conf,NUMERIC,20,ic_raw,60,0.016172370261753142,1.0265750903967379,0.3220318296608166,5,5,"{'2022': 0.0309, '2023': 0.0028, '2024': 0.0212, '2025': 0.018, '2026': 0.0167}",,,0.026595744680851064,False,NO_EVIDENCE
fusion_contradictions,NUMERIC,5,ic_raw,199,0.005540010351765731,0.9882204163251895,0.3242507928757273,5,3,"{'2022': 0.0117, '2023': -0.0003, '2024': 0.0125, '2025': 0.0084, '2026': -0.0039}",,,0.02686170212765958,False,NO_EVIDENCE
wyckoff_validation_transition_probability_20_bars,NUMERIC,20,ic_thesis,199,0.00996448036517707,0.9875118377526256,0.3282679083170608,5,4,"{'2022': 0.0451, '2023': 0.0085, '2024': 0.0062, '2025': -0.0013, '2026': 0.0172}",,,0.02712765957446809,False,NO_EVIDENCE
phase_strength,NUMERIC,10,ic_raw,196,0.010056796137890853,0.982045058560829,0.3285207653835587,5,4,"{'2022': 0.0295, '2023': 0.005, '2024': -0.0053, '2025': 0.0224, '2026': 0.0126}",,,0.027393617021276597,False,NO_EVIDENCE
wyckoff_transition_conf,NUMERIC,10,ic_thesis,60,0.01047373541086863,0.9928633174876328,0.328989140679649,5,3,"{'2022': 0.0789, '2023': -0.0204, '2024': 0.0391, '2025': -0.0059, '2026': 0.0099}",,,0.027659574468085108,False,NO_EVIDENCE
compression_ratio,NUMERIC,5,ic_thesis,196,-0.008254465365774002,-0.9709253785361912,0.33278821846787515,5,3,"{'2022': 0.0041, '2023': -0.0051, '2024': -0.0215, '2025': 0.0001, '2026': -0.012}",,,0.027925531914893616,False,NO_EVIDENCE
adx_14,NUMERIC,1,ic_raw,199,0.006250165304019961,0.9599036823939119,0.33827439711181967,5,2,"{'2022': -0.0129, '2023': 0.015, '2024': 0.0186, '2025': -0.0025, '2026': -0.0029}",,,0.02819148936170213,False,NO_EVIDENCE
wyckoff_validation_phase_correctness_score,NUMERIC,1,ic_thesis,199,0.005159251128163469,0.9453619478952192,0.34562633293452366,5,4,"{'2022': 0.0194, '2023': 0.0134, '2024': 0.0002, '2025': 0.0026, '2026': -0.0035}",,,0.02845744680851064,False,NO_EVIDENCE
precor_intent,LABEL,5,mean_signed_bps,199,-4.04418815686227,-0.9353434492649406,0.35075068227098466,5,4,"{'2022': -18.2449, '2023': -1.6821, '2024': 2.6429, '2025': -3.7687, '2026': -11.07}",0.4994590464782901,0.5870813955179217,0.028723404255319152,False,NO_EVIDENCE
pct_from_52w_low,NUMERIC,5,ic_thesis,199,0.0053382132377406645,0.9336620538771901,0.3516154295513995,5,3,"{'2022': 0.043, '2023': 0.0046, '2024': 0.0048, '2025': -0.0024, '2026': -0.0006}",,,0.02898936170212766,False,NO_EVIDENCE
wyckoff_score,NUMERIC,1,ic_raw,199,0.006968713013227197,0.9237950587091915,0.35671744552433954,5,4,"{'2022': 0.0197, '2023': 0.0042, '2024': -0.0014, '2025': 0.0058, '2026': 0.0195}",,,0.02925531914893617,False,NO_EVIDENCE
base_conditions_count,NUMERIC,1,ic_raw,179,-0.0065080094921258986,-0.9163436263987496,0.3607264971327511,5,3,"{'2022': 0.0012, '2023': -0.0116, '2024': -0.0039, '2025': 0.0017, '2026': -0.0183}",,,0.029521276595744685,False,NO_EVIDENCE
baseline_past_return_1,NUMERIC,10,ic_raw,199,-0.013230388400382943,-0.9000383438194396,0.370295034619664,5,4,"{'2022': -0.0594, '2023': -0.022, '2024': -0.0303, '2025': -0.0136, '2026': 0.0523}",,,0.029787234042553193,False,NO_EVIDENCE
baseline_past_return_20,NUMERIC,5,ic_raw,199,-0.009977798301421384,-0.8937596643787775,0.3725355600325527,5,4,"{'2022': 0.0017, '2023': -0.0125, '2024': -0.0151, '2025': -0.009, '2026': -0.0058}",,,0.030053191489361704,False,NO_EVIDENCE
baseline_past_return_5,NUMERIC,1,ic_thesis,199,-0.004631255437814406,-0.8858688353904048,0.37676282841005904,5,4,"{'2022': -0.0059, '2023': 0.006, '2024': -0.0139, '2025': -0.0027, '2026': -0.009}",,,0.030319148936170215,False,NO_EVIDENCE
compression_ratio,NUMERIC,20,ic_raw,196,0.016979592605729576,0.8900317163321744,0.37788815575279083,5,4,"{'2022': 0.087, '2023': 0.0208, '2024': -0.0042, '2025': 0.0137, '2026': 0.0111}",,,0.030585106382978722,False,NO_EVIDENCE
governed_invalidation_spot,NUMERIC,1,ic_raw,199,-0.009197295123764465,-0.8824879128684736,0.3785831409330198,5,4,"{'2022': -0.052, '2023': -0.0085, '2024': 0.0147, '2025': -0.0195, '2026': -0.0089}",,,0.030851063829787237,False,NO_EVIDENCE
volume_ratio,NUMERIC,5,ic_thesis,199,0.003722118079740164,0.8796905274395891,0.3800933898036835,5,4,"{'2022': 0.0003, '2023': 0.0067, '2024': 0.0029, '2025': 0.0059, '2026': -0.0013}",,,0.031117021276595748,False,NO_EVIDENCE
wyckoff_validation_transition_probability_5_bars,NUMERIC,5,ic_thesis,199,0.003881406214361138,0.8786989659398877,0.3806296071506016,5,4,"{'2022': 0.0151, '2023': 0.0082, '2024': 0.0066, '2025': -0.0069, '2026': 0.0039}",,,0.03138297872340426,False,NO_EVIDENCE
event_evidence_strength,NUMERIC,1,ic_raw,199,0.004709132701766631,0.8593656285119605,0.39117806358590684,5,3,"{'2022': 0.0256, '2023': 0.0114, '2024': -0.0046, '2025': -0.0048, '2026': 0.0125}",,,0.03164893617021277,False,NO_EVIDENCE
wyckoff_validation_transition_probability_20_bars,NUMERIC,5,ic_thesis,199,0.004396097945165504,0.8582984332514043,0.3917654982881428,5,4,"{'2022': 0.0184, '2023': 0.0051, '2024': 0.0069, '2025': -0.0064, '2026': 0.0088}",,,0.031914893617021274,False,NO_EVIDENCE
wyckoff_validation_phase_maturity_score,NUMERIC,5,ic_thesis,199,0.004860358506237194,0.8519091298418715,0.3952937410255926,5,4,"{'2022': 0.0173, '2023': 0.0073, '2024': 0.0078, '2025': -0.0035, '2026': 0.0029}",,,0.03218085106382979,False,NO_EVIDENCE
lift_proxy_score,NUMERIC,5,ic_thesis,199,-0.003955181600279829,-0.8500369578912481,0.3963312294624253,5,2,"{'2022': 0.0009, '2023': -0.0176, '2024': 0.0046, '2025': -0.0085, '2026': 0.0084}",,,0.0324468085106383,False,NO_EVIDENCE
crabel_score,NUMERIC,5,ic_raw,199,-0.0048217549765957705,-0.8467836517607812,0.39813802680457433,5,4,"{'2022': -0.0235, '2023': -0.0082, '2024': 0.0144, '2025': -0.0115, '2026': -0.0092}",,,0.03271276595744681,False,NO_EVIDENCE
volume_ratio,NUMERIC,5,ic_raw,199,0.0042607886805642575,0.8415566831572849,0.4010513922109308,5,2,"{'2022': -0.0262, '2023': 0.0143, '2024': -0.0043, '2025': -0.0046, '2026': 0.032}",,,0.03297872340425532,False,NO_EVIDENCE
precor_intent,LABEL,10,mean_signed_bps,199,-7.453334590243122,-0.8374956859348699,0.4043414910636145,5,4,"{'2022': -17.6841, '2023': -2.8406, '2024': 9.3396, '2025': -10.3211, '2026': -30.9838}",0.4958680788189236,0.5870813955179217,0.03324468085106383,False,NO_EVIDENCE
crabel_score,NUMERIC,1,ic_raw,199,-0.005308400464506446,-0.8321052998501778,0.4063519680047254,5,3,"{'2022': 0.0067, '2023': -0.0189, '2024': -0.0014, '2025': 0.0029, '2026': -0.0093}",,,0.03351063829787235,False,NO_EVIDENCE
wyckoff_validation_transition_probability_10_bars,NUMERIC,1,ic_thesis,199,0.0036731300703025725,0.8300808978151791,0.4074927594383409,5,4,"{'2022': 0.0468, '2023': 0.0038, '2024': -0.0085, '2025': 0.0006, '2026': 0.0042}",,,0.03377659574468085,False,NO_EVIDENCE
adv_dollars,NUMERIC,5,ic_thesis,199,0.003918545347497992,0.8286519191436142,0.4082991748150665,5,3,"{'2022': 0.0192, '2023': 0.0181, '2024': -0.0029, '2025': -0.0105, '2026': 0.007}",,,0.03404255319148936,False,NO_EVIDENCE
move_age_bars,NUMERIC,10,ic_raw,199,-0.006177782385144508,-0.8214108991704139,0.4133959788450517,5,4,"{'2022': -0.0024, '2023': -0.0151, '2024': 0.0005, '2025': -0.0005, '2026': -0.0136}",,,0.03430851063829787,False,NO_EVIDENCE
wyckoff_validation_alternative_phase_probability,NUMERIC,10,ic_thesis,199,0.004529230774530936,0.8070953199439532,0.42155617869320383,5,4,"{'2022': 0.0128, '2023': 0.0088, '2024': 0.0056, '2025': 0.0022, '2026': -0.0046}",,,0.034574468085106384,False,NO_EVIDENCE
wyckoff_validation_transition_probability_20_bars,NUMERIC,1,ic_thesis,199,0.00438505804811352,0.805305890276531,0.4216091910342513,5,3,"{'2022': 0.0378, '2023': 0.0101, '2024': -0.0063, '2025': -0.0053, '2026': 0.0095}",,,0.034840425531914895,False,NO_EVIDENCE
wyckoff_validation_transition_probability_10_bars,NUMERIC,5,ic_raw,199,-0.002978951111999004,-0.8040953345399506,0.42230627441269836,5,3,"{'2022': -0.0079, '2023': 0.0008, '2024': 0.0009, '2025': -0.0005, '2026': -0.0163}",,,0.035106382978723406,False,NO_EVIDENCE
days_in_range,NUMERIC,20,ic_thesis,196,0.012429410861743212,0.8085699882447063,0.42275213036400267,5,4,"{'2022': 0.072, '2023': 0.0146, '2024': -0.0269, '2025': 0.0232, '2026': 0.0215}",,,0.03537234042553192,False,NO_EVIDENCE
volume_ratio,NUMERIC,1,ic_thesis,199,-0.003890906451763561,-0.7896005953823628,0.43070560840652555,5,4,"{'2022': -0.0018, '2023': 0.0004, '2024': -0.0119, '2025': -0.0018, '2026': -0.0024}",,,0.03563829787234043,False,NO_EVIDENCE
phase_strength,NUMERIC,5,ic_thesis,196,-0.006186645366674277,-0.7876996443537579,0.4318288363335363,5,3,"{'2022': 0.0228, '2023': -0.0009, '2024': -0.0389, '2025': 0.0096, '2026': -0.0034}",,,0.03590425531914894,False,NO_EVIDENCE
early_formation_score,NUMERIC,20,ic_raw,196,-0.013067687709566128,-0.7827331926668911,0.43762856028899283,5,3,"{'2022': -0.1031, '2023': -0.0238, '2024': 0.0167, '2025': -0.0122, '2026': 0.0046}",,,0.03617021276595745,False,NO_EVIDENCE
compression_ratio,NUMERIC,1,ic_raw,196,-0.008089141974958983,-0.7552654045060436,0.45100102259595576,5,5,"{'2022': -0.02, '2023': -0.016, '2024': -0.0001, '2025': -0.0056, '2026': -0.0055}",,,0.03643617021276596,False,NO_EVIDENCE
pct_from_52w_low,NUMERIC,20,ic_thesis,199,0.008519882916962578,0.7512841522804126,0.456093258457952,5,4,"{'2022': 0.0177, '2023': 0.0016, '2024': 0.0182, '2025': 0.0101, '2026': -0.0031}",,,0.03670212765957447,False,NO_EVIDENCE
range_expansion_vs_20d,NUMERIC,1,ic_raw,199,0.005105643298673975,0.7465538579384462,0.456218426805747,5,3,"{'2022': -0.0077, '2023': 0.0132, '2024': -0.0022, '2025': 0.0091, '2026': 0.0044}",,,0.03696808510638298,False,NO_EVIDENCE
atr_percentile_rank,NUMERIC,20,ic_thesis,199,0.0067806165125588675,0.7495539361910408,0.45712539804957136,5,4,"{'2022': 0.0126, '2023': 0.0063, '2024': -0.0085, '2025': 0.0147, '2026': 0.0161}",,,0.03723404255319149,False,NO_EVIDENCE
wyckoff_transition_conf,NUMERIC,5,ic_thesis,60,0.005165043317083214,0.7404683471290279,0.46195254612854747,5,3,"{'2022': 0.0656, '2023': -0.01, '2024': 0.0081, '2025': -0.0104, '2026': 0.0243}",,,0.037500000000000006,False,NO_EVIDENCE
dominant_trend,LABEL,20,mean_signed_bps,199,20.86438683963911,0.7337826714829815,0.4665956923393886,5,4,"{'2022': -12.7441, '2023': 3.7213, '2024': 39.9039, '2025': 42.8321, '2026': 1.4311}",0.5081042107342784,0.5771690135174512,0.03776595744680852,False,NO_EVIDENCE
dominant_trend,LABEL,10,mean_signed_bps,199,10.28338612979301,0.730368883189102,0.4668983367626918,5,4,"{'2022': 1.9171, '2023': -12.6861, '2024': 26.5301, '2025': 21.5457, '2026': 7.6351}",0.5041721790056877,0.5771690135174512,0.03803191489361702,False,NO_EVIDENCE
baseline_past_return_1,NUMERIC,5,ic_raw,199,-0.007852837161223791,-0.7259572718094863,0.4687222016029963,5,4,"{'2022': -0.0491, '2023': -0.0028, '2024': -0.0353, '2025': -0.0133, '2026': 0.0577}",,,0.03829787234042553,False,NO_EVIDENCE
fusion_contradictions,NUMERIC,1,ic_thesis,199,0.0032403063922353207,0.7226437206427249,0.4707514886866515,5,5,"{'2022': 0.0111, '2023': 0.0005, '2024': 0.0017, '2025': 0.0002, '2026': 0.0105}",,,0.03856382978723404,False,NO_EVIDENCE
dollar_volume_zscore,NUMERIC,5,ic_thesis,199,0.0029290984743137695,0.7193819041042983,0.4727538555573378,5,3,"{'2022': 0.0224, '2023': 0.0032, '2024': -0.0037, '2025': 0.0051, '2026': -0.001}",,,0.038829787234042554,False,NO_EVIDENCE
early_formation_score,NUMERIC,1,ic_raw,196,-0.006072636380999533,-0.7081503361712089,0.4796975097892882,5,3,"{'2022': -0.0146, '2023': -0.0137, '2024': -0.023, '2025': 0.017, '2026': 0.0017}",,,0.039095744680851065,False,NO_EVIDENCE
compression_ratio,NUMERIC,10,ic_raw,196,0.010121037027704519,0.7046701960050744,0.4827040129476396,5,4,"{'2022': 0.0828, '2023': 0.0169, '2024': -0.016, '2025': 0.0013, '2026': 0.014}",,,0.039361702127659576,False,NO_EVIDENCE
wyckoff_validation_transition_probability_5_bars,NUMERIC,1,ic_thesis,199,0.0031272039179663516,0.7026317727046271,0.48311049919663357,5,4,"{'2022': 0.0436, '2023': 0.0036, '2024': -0.0092, '2025': 0.0008, '2026': 0.0039}",,,0.03962765957446809,False,NO_EVIDENCE
atr_percentile_rank,NUMERIC,10,ic_thesis,199,0.004959859132310953,0.7027238725234011,0.4838853414578029,5,4,"{'2022': 0.0045, '2023': 0.0011, '2024': -0.0101, '2025': 0.0188, '2026': 0.0132}",,,0.0398936170212766,False,NO_EVIDENCE
wyckoff_score,NUMERIC,5,ic_raw,199,-0.004783554982830564,-0.6946327542912925,0.48809976749327677,5,4,"{'2022': -0.0166, '2023': -0.0005, '2024': -0.0139, '2025': -0.0015, '2026': 0.0039}",,,0.04015957446808511,False,NO_EVIDENCE
baseline_past_return_60,NUMERIC,10,ic_thesis,199,0.005425745563256924,0.6946655437807782,0.4889002703508982,5,4,"{'2022': 0.0245, '2023': 0.0051, '2024': 0.0066, '2025': 0.0063, '2026': -0.0074}",,,0.04042553191489362,False,NO_EVIDENCE
fusion_alignment_score,NUMERIC,5,ic_raw,199,-0.003925880496120966,-0.6931429581244275,0.48903208948367655,5,4,"{'2022': -0.0134, '2023': 0.0052, '2024': -0.0102, '2025': -0.005, '2026': -0.0017}",,,0.04069148936170213,False,NO_EVIDENCE
baseline_past_return_20,NUMERIC,20,ic_raw,199,0.013480990061237055,0.6904243745430616,0.4932015586139572,5,4,"{'2022': -0.0178, '2023': 0.0154, '2024': 0.0038, '2025': 0.0216, '2026': 0.0294}",,,0.04095744680851064,False,NO_EVIDENCE
baseline_past_return_1,NUMERIC,20,ic_thesis,199,-0.006788432831497602,-0.6861362938845504,0.4958776649963056,5,4,"{'2022': -0.0141, '2023': -0.0173, '2024': -0.0104, '2025': -0.0014, '2026': 0.0108}",,,0.041223404255319146,False,NO_EVIDENCE
dollar_volume_zscore,NUMERIC,1,ic_thesis,199,-0.0032865670838491145,-0.6804998972228751,0.49698294817959715,5,3,"{'2022': 0.0013, '2023': -0.0001, '2024': -0.011, '2025': -0.0032, '2026': 0.0013}",,,0.041489361702127664,False,NO_EVIDENCE
truth_confidence,NUMERIC,5,ic_raw,199,-0.004648719918981526,-0.6703199844961556,0.5034348990670282,5,4,"{'2022': -0.019, '2023': -0.0006, '2024': -0.0148, '2025': -0.0011, '2026': 0.007}",,,0.041755319148936175,False,NO_EVIDENCE
crabel_score,NUMERIC,20,ic_raw,199,-0.0070801885021980196,-0.6740572013396366,0.503458751938902,5,4,"{'2022': -0.0401, '2023': -0.0054, '2024': -0.0018, '2025': -0.0098, '2026': 0.0039}",,,0.042021276595744686,False,NO_EVIDENCE
volume_ratio,NUMERIC,20,ic_raw,199,0.006514469037821379,0.6738570733283471,0.5035848857483778,5,3,"{'2022': 0.0232, '2023': 0.0137, '2024': -0.0022, '2025': -0.0009, '2026': 0.0116}",,,0.04228723404255319,False,NO_EVIDENCE
days_to_trigger,NUMERIC,5,ic_thesis,180,-0.006417898632281588,-0.6565770316118942,0.5122961187993241,5,3,"{'2022': 0.0455, '2023': -0.0135, '2024': -0.0199, '2025': 0.0016, '2026': -0.0095}",,,0.0425531914893617,False,NO_EVIDENCE
wyckoff_score,NUMERIC,5,ic_thesis,199,0.003268372472615803,0.6522495281793725,0.5149966931100488,5,4,"{'2022': 0.0251, '2023': -0.0091, '2024': 0.0071, '2025': 0.0005, '2026': 0.0092}",,,0.04281914893617022,False,NO_EVIDENCE
phase_evidence_strength,NUMERIC,1,ic_thesis,199,0.003475784891219522,0.6516721729241869,0.5153683729695439,5,4,"{'2022': 0.013, '2023': 0.0172, '2024': -0.0183, '2025': 0.0086, '2026': 0.003}",,,0.04308510638297872,False,NO_EVIDENCE
wyckoff_validation_phase_probability,NUMERIC,1,ic_thesis,199,0.003475784891219522,0.6516721729241869,0.5153683729695439,5,4,"{'2022': 0.013, '2023': 0.0172, '2024': -0.0183, '2025': 0.0086, '2026': 0.003}",,,0.043351063829787234,False,NO_EVIDENCE
phase_strength,NUMERIC,20,ic_raw,196,0.008966847858753119,0.6530555580767596,0.5168364195880093,5,4,"{'2022': 0.0249, '2023': 0.0092, '2024': -0.0043, '2025': 0.0188, '2026': 0.0057}",,,0.04361702127659575,False,NO_EVIDENCE
atr_percentile_rank,NUMERIC,20,ic_raw,199,0.008749010458983082,0.6515091576451181,0.5177775785400184,5,3,"{'2022': 0.0759, '2023': -0.0031, '2024': -0.0071, '2025': 0.0167, '2026': 0.0039}",,,0.043882978723404256,False,NO_EVIDENCE
phase_evidence_strength,NUMERIC,1,ic_raw,199,0.003044200227865089,0.6338101855615899,0.5269362039712788,5,3,"{'2022': 0.0034, '2023': -0.0006, '2024': -0.0071, '2025': 0.0109, '2026': 0.0121}",,,0.04414893617021277,False,NO_EVIDENCE
wyckoff_validation_phase_probability,NUMERIC,1,ic_raw,199,0.003044200227865089,0.6338101855615899,0.5269362039712788,5,3,"{'2022': 0.0034, '2023': -0.0006, '2024': -0.0071, '2025': 0.0109, '2026': 0.0121}",,,0.04441489361702127,False,NO_EVIDENCE
days_in_range,NUMERIC,20,ic_raw,196,0.009335079939563501,0.6281779862664477,0.5328649953153364,5,5,"{'2022': 0.0005, '2023': 0.0139, '2024': 0.0007, '2025': 0.0177, '2026': 0.0076}",,,0.04468085106382979,False,NO_EVIDENCE
dominant_trend,LABEL,5,mean_signed_bps,199,4.760073082978668,0.6181766506748235,0.5371693218689797,5,3,"{'2022': 3.1648, '2023': -7.4474, '2024': 14.2271, '2025': 11.5665, '2026': -0.7456}",0.505688555436083,0.5771690135174512,0.0449468085106383,False,NO_EVIDENCE
wyckoff_validation_phase_maturity_score,NUMERIC,20,ic_thesis,199,0.006685554851092337,0.6193056687915462,0.5385986727684184,5,4,"{'2022': 0.0394, '2023': 0.0038, '2024': 0.0043, '2025': -0.0022, '2026': 0.0115}",,,0.04521276595744681,False,NO_EVIDENCE
abnormal_repricing_score,NUMERIC,20,ic_thesis,199,0.008381855571346157,0.6083729036139262,0.5457644555107563,5,4,"{'2022': -0.0209, '2023': 0.0006, '2024': 0.0224, '2025': 0.0126, '2026': 0.0075}",,,0.04547872340425532,False,NO_EVIDENCE
wyckoff_validation_phase_probability,NUMERIC,20,ic_thesis,199,0.005821528550628671,0.6023728996929392,0.5497177230153779,5,4,"{'2022': 0.0283, '2023': 0.0158, '2024': -0.0153, '2025': 0.0075, '2026': 0.0086}",,,0.045744680851063826,False,NO_EVIDENCE
phase_evidence_strength,NUMERIC,20,ic_thesis,199,0.005821528550628671,0.6023728996929392,0.5497177230153779,5,4,"{'2022': 0.0283, '2023': 0.0158, '2024': -0.0153, '2025': 0.0075, '2026': 0.0086}",,,0.046010638297872344,False,NO_EVIDENCE
crabel_compression,NUMERIC,20,ic_thesis,199,0.00541739197712705,0.5916938426179936,0.5567897259341663,5,4,"{'2022': 0.002, '2023': 0.0033, '2024': -0.0014, '2025': 0.0033, '2026': 0.0244}",,,0.046276595744680855,False,NO_EVIDENCE
atr_percentile_rank,NUMERIC,1,ic_thesis,199,-0.0030555453554859326,-0.5868299607466345,0.5579864049105355,5,2,"{'2022': 0.0001, '2023': -0.0155, '2024': 0.0005, '2025': 0.0041, '2026': -0.0019}",,,0.04654255319148936,False,NO_EVIDENCE
baseline_past_return_20,NUMERIC,10,ic_thesis,199,0.004834315043271311,0.5875901984521769,0.5581520261549202,5,4,"{'2022': 0.0203, '2023': 0.0073, '2024': 0.0056, '2025': -0.009, '2026': 0.0133}",,,0.04680851063829788,False,NO_EVIDENCE
crabel_score,NUMERIC,10,ic_thesis,199,-0.0035990031358495347,-0.5797631224835795,0.5633981331411776,5,3,"{'2022': -0.0109, '2023': 0.0003, '2024': 0.0075, '2025': -0.0098, '2026': -0.0135}",,,0.04707446808510638,False,NO_EVIDENCE
range_pct,NUMERIC,10,ic_thesis,199,0.004986419726403577,0.5793272020099604,0.5636910174787177,5,3,"{'2022': 0.0159, '2023': -0.0042, '2024': 0.0056, '2025': 0.0147, '2026': -0.0026}",,,0.04734042553191489,False,NO_EVIDENCE
repricing_direction,LABEL,1,mean_signed_bps,199,1.6440821199321012,0.5758828927478556,0.5653483049713975,5,3,"{'2022': -5.2767, '2023': -2.1973, '2024': 0.9091, '2025': 7.2869, '2026': 3.6544}",0.5019672152568682,0.5422724443105986,0.04760638297872341,False,NO_EVIDENCE
days_to_trigger,NUMERIC,5,ic_raw,180,0.005586009023106514,0.5734791323175096,0.5670401217848353,5,3,"{'2022': 0.0672, '2023': 0.0103, '2024': -0.0127, '2025': -0.0039, '2026': 0.012}",,,0.047872340425531915,False,NO_EVIDENCE
direction,LABEL,20,mean_signed_bps,199,-8.064405633538641,-0.5704492445888337,0.5709931061367344,5,4,"{'2022': -4.6875, '2023': -5.9628, '2024': 13.1365, '2025': -14.4907, '2026': -36.2275}",0.49574987381001495,0.5616516672036239,0.04813829787234043,False,NO_EVIDENCE
discovery_direction_preliminary,LABEL,20,mean_signed_bps,199,-8.064405633538641,-0.5704492445888337,0.5709931061367344,5,4,"{'2022': -4.6875, '2023': -5.9628, '2024': 13.1365, '2025': -14.4907, '2026': -36.2275}",0.49574987381001495,0.5616516672036239,0.04840425531914894,False,NO_EVIDENCE
truth_confidence,NUMERIC,5,ic_thesis,199,0.0027439801793097064,0.5650039814936547,0.572710650112721,5,4,"{'2022': 0.0192, '2023': -0.0052, '2024': 0.0039, '2025': 0.0021, '2026': 0.0056}",,,0.04867021276595745,False,NO_EVIDENCE
adv_dollars,NUMERIC,10,ic_thesis,199,0.004005059619999275,0.5650543085729134,0.5733215475460255,5,3,"{'2022': 0.0094, '2023': 0.0235, '2024': -0.0075, '2025': -0.0106, '2026': 0.0116}",,,0.048936170212765966,False,NO_EVIDENCE
baseline_past_return_5,NUMERIC,20,ic_raw,199,-0.010815457168861673,-0.5639607378569483,0.575366288154561,5,4,"{'2022': -0.0358, '2023': -0.0041, '2024': -0.0196, '2025': -0.0104, '2026': 0.005}",,,0.04920212765957447,False,NO_EVIDENCE
dollar_volume_zscore,NUMERIC,10,ic_thesis,199,0.0032697807129815023,0.5583442635428396,0.5778763177417565,5,4,"{'2022': 0.0113, '2023': 0.0094, '2024': -0.0146, '2025': 0.0096, '2026': 0.0076}",,,0.04946808510638298,False,NO_EVIDENCE
dollar_volume_zscore,NUMERIC,20,ic_raw,199,0.005493343499533392,0.5562594729460241,0.5805779420847889,5,3,"{'2022': 0.0209, '2023': 0.0101, '2024': -0.0026, '2025': -0.0051, '2026': 0.0193}",,,0.049734042553191485,False,NO_EVIDENCE
base_conditions_count,NUMERIC,10,ic_thesis,179,-0.00554295124338587,-0.5362291892781131,0.5931454554745305,5,4,"{'2022': 0.053, '2023': -0.0012, '2024': -0.0188, '2025': -0.0103, '2026': -0.0107}",,,0.05,False,NO_EVIDENCE
base_conditions_count,NUMERIC,10,ic_raw,179,-0.0057073834212539466,-0.5352006900476071,0.5938533944532521,5,3,"{'2022': -0.0708, '2023': -0.011, '2024': 0.0123, '2025': -0.0072, '2026': 0.0058}",,,0.050265957446808514,False,NO_EVIDENCE
repricing_direction,LABEL,20,mean_signed_bps,199,-11.314494858849415,-0.5367148286616662,0.5939056977866268,5,2,"{'2022': 1.8564, '2023': -29.0031, '2024': 0.2039, '2025': 11.6203, '2026': -44.5062}",0.4944257505911143,0.5422724443105986,0.05053191489361702,False,NO_EVIDENCE
crabel_score,NUMERIC,5,ic_thesis,199,-0.0022262132953068453,-0.5335973245304378,0.5942186539251118,5,4,"{'2022': -0.007, '2023': -0.0051, '2024': 0.0069, '2025': -0.0068, '2026': -0.0023}",,,0.050797872340425536,False,NO_EVIDENCE
crabel_compression,NUMERIC,20,ic_raw,199,0.00647924363696852,0.5344374708865602,0.5954680032460944,5,4,"{'2022': 0.0229, '2023': 0.0132, '2024': -0.0059, '2025': 0.0072, '2026': 0.0054}",,,0.05106382978723405,False,NO_EVIDENCE
wyckoff_validation_phase_correctness_score,NUMERIC,20,ic_thesis,199,0.004933476796405231,0.5327705549024657,0.5966127593480194,5,3,"{'2022': 0.058, '2023': 0.0048, '2024': -0.0028, '2025': -0.004, '2026': 0.003}",,,0.05132978723404256,False,NO_EVIDENCE
phase_evidence_strength,NUMERIC,20,ic_raw,199,0.0044081508905931925,0.5285365129178159,0.5995251259789384,5,3,"{'2022': -0.0162, '2023': 0.0005, '2024': -0.0037, '2025': 0.0189, '2026': 0.0115}",,,0.05159574468085107,False,NO_EVIDENCE
wyckoff_validation_phase_probability,NUMERIC,20,ic_raw,199,0.0044081508905931925,0.5285365129178159,0.5995251259789384,5,3,"{'2022': -0.0162, '2023': 0.0005, '2024': -0.0037, '2025': 0.0189, '2026': 0.0115}",,,0.05186170212765957,False,NO_EVIDENCE
days_to_trigger,NUMERIC,1,ic_thesis,180,0.004814995807081565,0.5171887563916472,0.6056628870537253,5,3,"{'2022': 0.0341, '2023': -0.0213, '2024': 0.0176, '2025': 0.0305, '2026': -0.0216}",,,0.05212765957446809,False,NO_EVIDENCE
atr_percentile_rank,NUMERIC,5,ic_thesis,199,0.0025124997414741426,0.5162070702740812,0.6062857954610742,5,3,"{'2022': 0.0085, '2023': 0.0015, '2024': -0.0077, '2025': 0.015, '2026': -0.0027}",,,0.0523936170212766,False,NO_EVIDENCE
wyckoff_validation_phase_probability,NUMERIC,5,ic_thesis,199,0.0025102174286371856,0.5147171165196224,0.6073247957615399,5,3,"{'2022': 0.0227, '2023': 0.0101, '2024': -0.01, '2025': 0.0064, '2026': -0.0066}",,,0.052659574468085106,False,NO_EVIDENCE
phase_evidence_strength,NUMERIC,5,ic_thesis,199,0.0025102174286371856,0.5147171165196224,0.6073247957615399,5,3,"{'2022': 0.0227, '2023': 0.0101, '2024': -0.01, '2025': 0.0064, '2026': -0.0066}",,,0.052925531914893624,False,NO_EVIDENCE
fusion_contradictions,NUMERIC,5,ic_thesis,199,0.0023344291856755173,0.5100152595345767,0.610608814104852,5,4,"{'2022': 0.0043, '2023': 0.0078, '2024': 0.0003, '2025': 0.0037, '2026': -0.0061}",,,0.05319148936170213,False,NO_EVIDENCE
wyckoff_transition_conf,NUMERIC,20,ic_thesis,60,0.007553105396408874,0.5167614231339959,0.6133889964117896,5,4,"{'2022': 0.0761, '2023': -0.0203, '2024': 0.0196, '2025': 0.0004, '2026': 0.0113}",,,0.05345744680851064,False,NO_EVIDENCE
baseline_past_return_5,NUMERIC,20,ic_thesis,199,-0.004853078067115618,-0.5084812068175686,0.613409389858616,5,2,"{'2022': 0.0077, '2023': 0.0087, '2024': -0.0091, '2025': -0.0216, '2026': 0.0001}",,,0.05372340425531916,False,NO_EVIDENCE
phase_convergence,NUMERIC,10,ic_raw,199,-0.0028124132888787783,-0.5040921264469823,0.6153223305502058,5,2,"{'2022': 0.0112, '2023': 0.0032, '2024': -0.0115, '2025': -0.0132, '2026': 0.0103}",,,0.05398936170212766,False,NO_EVIDENCE
wyckoff_score,NUMERIC,1,ic_thesis,199,0.0025076250291187503,0.5018651459043899,0.6163199890351124,5,3,"{'2022': -0.0012, '2023': 0.004, '2024': 0.0079, '2025': 0.0028, '2026': -0.0069}",,,0.05425531914893618,False,NO_EVIDENCE
crabel_compression,NUMERIC,1,ic_thesis,199,-0.0024735783560033303,-0.49913004942514183,0.6182418819103795,5,3,"{'2022': -0.0124, '2023': 0.0043, '2024': -0.0021, '2025': -0.0115, '2026': 0.0056}",,,0.05452127659574468,False,NO_EVIDENCE
baseline_past_return_20,NUMERIC,1,ic_thesis,199,-0.003024754550161965,-0.49719138445021166,0.6196057363632679,5,2,"{'2022': -0.0164, '2023': 0.0019, '2024': 0.0015, '2025': -0.0137, '2026': 0.0062}",,,0.054787234042553194,False,NO_EVIDENCE
dollar_volume_zscore,NUMERIC,20,ic_thesis,199,0.0039838289114728555,0.4984177280638451,0.6204310194710302,5,3,"{'2022': 0.013, '2023': -0.0011, '2024': -0.0063, '2025': 0.0092, '2026': 0.0151}",,,0.05505319148936171,False,NO_EVIDENCE
abnormal_repricing_score,NUMERIC,5,ic_thesis,199,-0.0034369343945037357,-0.482578806699642,0.6299279187766323,5,3,"{'2022': -0.0222, '2023': -0.0089, '2024': 0.0044, '2025': 0.0001, '2026': -0.0025}",,,0.055319148936170216,False,NO_EVIDENCE
wyckoff_validation_transition_probability_10_bars,NUMERIC,10,ic_raw,199,-0.0027641093093310723,-0.4799200891610587,0.632348216284675,5,3,"{'2022': -0.0189, '2023': 0.0068, '2024': -0.0004, '2025': 0.0002, '2026': -0.0174}",,,0.05558510638297873,False,NO_EVIDENCE
wyckoff_transition_conf,NUMERIC,1,ic_raw,60,0.005000409027918889,0.4789852474629904,0.633719634305343,5,3,"{'2022': -0.0267, '2023': 0.045, '2024': 0.0158, '2025': -0.0263, '2026': 0.0058}",,,0.05585106382978723,False,NO_EVIDENCE
lift_proxy_score,NUMERIC,10,ic_thesis,199,0.00289126830529028,0.476239554971154,0.6349584022019906,5,4,"{'2022': 0.0053, '2023': -0.0065, '2024': 0.0069, '2025': 0.0017, '2026': 0.0118}",,,0.05611702127659575,False,NO_EVIDENCE
early_formation_score,NUMERIC,10,ic_thesis,196,-0.004902076169115965,-0.4753382963415963,0.6356145156666294,5,4,"{'2022': 0.0282, '2023': -0.0028, '2024': -0.0032, '2025': -0.0089, '2026': -0.0223}",,,0.05638297872340426,False,NO_EVIDENCE
lift_proxy_score,NUMERIC,20,ic_thesis,199,0.00392980044012065,0.47308609448252525,0.6382632458553728,5,3,"{'2022': 0.0185, '2023': -0.0048, '2024': 0.0102, '2025': -0.0015, '2026': 0.0084}",,,0.056648936170212764,False,NO_EVIDENCE
atr_percentile_rank,NUMERIC,10,ic_raw,199,0.004797372549485236,0.4685274416901608,0.6404426645905099,5,3,"{'2022': 0.0621, '2023': 0.0076, '2024': -0.0166, '2025': 0.0082, '2026': -0.0019}",,,0.05691489361702128,False,NO_EVIDENCE
event_evidence_strength,NUMERIC,1,ic_thesis,199,-0.0020600400921245926,-0.4640925703462237,0.6430912627379702,5,3,"{'2022': -0.0157, '2023': -0.0018, '2024': 0.0009, '2025': 0.0007, '2026': -0.0043}",,,0.057180851063829786,False,NO_EVIDENCE
baseline_past_return_1,NUMERIC,5,ic_thesis,199,-0.002538885578428489,-0.46112557921145486,0.6452146406357341,5,2,"{'2022': 0.0116, '2023': -0.008, '2024': -0.0234, '2025': 0.0011, '2026': 0.0254}",,,0.057446808510638304,False,NO_EVIDENCE
atr_pct,NUMERIC,5,ic_raw,199,-0.007183999560007175,-0.4568460924733848,0.648282465497716,5,4,"{'2022': -0.0373, '2023': -0.0047, '2024': -0.0263, '2025': 0.02, '2026': -0.0078}",,,0.057712765957446815,False,NO_EVIDENCE
fusion_alignment_score,NUMERIC,5,ic_thesis,199,0.0020553408005257222,0.4568169647049978,0.6483033669508846,5,4,"{'2022': 0.0258, '2023': -0.0117, '2024': 0.0021, '2025': 0.0007, '2026': 0.0129}",,,0.05797872340425532,False,NO_EVIDENCE
composite_adjusted,NUMERIC,5,ic_raw,199,-0.003140018074341502,-0.45458507934640313,0.6499057487000008,5,3,"{'2022': -0.0104, '2023': 0.0025, '2024': -0.0105, '2025': 0.0003, '2026': -0.002}",,,0.05824468085106384,False,NO_EVIDENCE
composite_score,NUMERIC,5,ic_raw,199,-0.003140018074341502,-0.45458507934640313,0.6499057487000008,5,3,"{'2022': -0.0104, '2023': 0.0025, '2024': -0.0105, '2025': 0.0003, '2026': -0.002}",,,0.05851063829787234,False,NO_EVIDENCE
atr_pct,NUMERIC,10,ic_thesis,199,0.004155246555942767,0.45296389487536926,0.6515709332546921,5,3,"{'2022': 0.0064, '2023': -0.0072, '2024': 0.013, '2025': 0.0099, '2026': -0.0021}",,,0.05877659574468085,False,NO_EVIDENCE
early_formation_score,NUMERIC,5,ic_raw,196,-0.0038056625705653385,-0.4471832378759757,0.6552390673895059,5,3,"{'2022': -0.0687, '2023': -0.0097, '2024': 0.021, '2025': 0.001, '2026': -0.0054}",,,0.05904255319148937,False,NO_EVIDENCE
abnormal_repricing_score,NUMERIC,5,ic_raw,199,-0.002710771043715018,-0.44605490278096305,0.6560449808687118,5,2,"{'2022': -0.0487, '2023': 0.0022, '2024': -0.0167, '2025': 0.007, '2026': 0.0208}",,,0.059308510638297875,False,NO_EVIDENCE
atr_pct,NUMERIC,5,ic_thesis,199,0.0028914901428988477,0.44424251302572615,0.657352410256879,5,3,"{'2022': -0.0159, '2023': -0.0092, '2024': 0.0067, '2025': 0.0117, '2026': 0.012}",,,0.059574468085106386,False,NO_EVIDENCE
move_age_bars,NUMERIC,5,ic_thesis,199,-0.00252864370310164,-0.4438790027950955,0.6576147682197173,5,3,"{'2022': 0.0036, '2023': 0.0061, '2024': -0.0064, '2025': -0.0095, '2026': -0.0022}",,,0.0598404255319149,False,NO_EVIDENCE
crabel_compression,NUMERIC,5,ic_raw,199,-0.003044893730787445,-0.4429579882746906,0.6582796866224062,5,4,"{'2022': -0.0228, '2023': -0.0094, '2024': -0.0047, '2025': -0.0008, '2026': 0.0163}",,,0.06010638297872341,False,NO_EVIDENCE
wyckoff_validation_phase_correctness_score,NUMERIC,5,ic_raw,199,-0.003022914646940839,-0.4371474467991641,0.6624808185987515,5,4,"{'2022': -0.023, '2023': 0.0068, '2024': -0.0101, '2025': -0.0001, '2026': -0.0012}",,,0.060372340425531926,False,NO_EVIDENCE
event_evidence_strength,NUMERIC,10,ic_raw,199,-0.002744093746151136,-0.4370301068007256,0.6630461318640335,5,3,"{'2022': -0.0065, '2023': 0.0048, '2024': -0.0167, '2025': -0.0028, '2026': 0.0094}",,,0.06063829787234043,False,NO_EVIDENCE
win_probability,NUMERIC,5,ic_raw,199,-0.0030023228838609163,-0.434833563777891,0.6641567932287046,5,3,"{'2022': -0.0102, '2023': 0.0029, '2024': -0.0105, '2025': 0.0004, '2026': -0.002}",,,0.06090425531914894,False,NO_EVIDENCE
wyckoff_validation_phase_maturity_score,NUMERIC,10,ic_raw,199,0.0031876967796621867,0.4325317847101836,0.6663004705669935,5,3,"{'2022': -0.0214, '2023': 0.0178, '2024': -0.0089, '2025': 0.0095, '2026': 0.0024}",,,0.061170212765957445,False,NO_EVIDENCE
repricing_direction,LABEL,5,mean_signed_bps,199,-2.589284980397816,-0.43093230632563534,0.6669863552830135,5,3,"{'2022': 1.1164, '2023': -6.8479, '2024': -13.652, '2025': 10.9326, '2026': -1.7462}",0.4981036392287077,0.5422724443105986,0.06143617021276596,False,NO_EVIDENCE
baseline_past_return_60,NUMERIC,20,ic_thesis,199,0.004776719663494764,0.43187105326909675,0.6677392988737131,5,4,"{'2022': 0.0096, '2023': 0.0075, '2024': 0.0036, '2025': 0.0145, '2026': -0.0154}",,,0.061702127659574474,False,NO_EVIDENCE
baseline_past_return_60,NUMERIC,1,ic_raw,199,0.005646742284166858,0.422361807532271,0.6732192318456452,5,2,"{'2022': -0.035, '2023': -0.0075, '2024': 0.0423, '2025': -0.0128, '2026': 0.0193}",,,0.06196808510638298,False,NO_EVIDENCE
base_conditions_count,NUMERIC,5,ic_raw,179,0.0029357415106337705,0.4149571145106058,0.6786730067236827,5,2,"{'2022': -0.0315, '2023': -0.0051, '2024': 0.0219, '2025': 0.0105, '2026': -0.0108}",,,0.062234042553191496,False,NO_EVIDENCE
base_conditions_count,NUMERIC,20,ic_thesis,179,-0.006080740236636592,-0.41493028114188346,0.6802207078531836,5,3,"{'2022': 0.033, '2023': 0.0154, '2024': -0.0241, '2025': -0.025, '2026': -0.0017}",,,0.0625,False,NO_EVIDENCE
gap_pct,NUMERIC,10,ic_thesis,199,-0.003088560846453637,-0.4103022808045741,0.6824753143899656,5,3,"{'2022': -0.0203, '2023': 0.009, '2024': -0.0163, '2025': 0.0046, '2026': -0.0042}",,,0.06276595744680852,False,NO_EVIDENCE
base_conditions_count,NUMERIC,1,ic_thesis,179,0.003190666153745642,0.4097534825756534,0.6824794863723843,5,3,"{'2022': 0.029, '2023': 0.0119, '2024': -0.009, '2025': -0.0077, '2026': 0.0135}",,,0.06303191489361702,False,NO_EVIDENCE
crabel_compression,NUMERIC,5,ic_thesis,199,0.0019697049842206204,0.4048876714666744,0.6859971647627003,5,4,"{'2022': 0.0063, '2023': 0.0019, '2024': 0.009, '2025': 0.0022, '2026': -0.0115}",,,0.06329787234042554,False,NO_EVIDENCE
crabel_score,NUMERIC,10,ic_raw,199,-0.003213572042714915,-0.40407173455810935,0.6870359473303295,5,3,"{'2022': -0.036, '2023': -0.0126, '2024': 0.0115, '2025': 0.0021, '2026': -0.0024}",,,0.06356382978723404,False,NO_EVIDENCE
days_in_range,NUMERIC,1,ic_thesis,196,-0.003038159509625931,-0.39544081159682654,0.6929498607968393,5,2,"{'2022': 0.0202, '2023': 0.0066, '2024': -0.0373, '2025': -0.0024, '2026': 0.0211}",,,0.06382978723404255,False,NO_EVIDENCE
fusion_contradictions,NUMERIC,1,ic_raw,199,-0.002284549299935016,-0.3934149159041929,0.6944363480847754,5,4,"{'2022': -0.0007, '2023': -0.0051, '2024': -0.0005, '2025': 0.0059, '2026': -0.0143}",,,0.06409574468085107,False,NO_EVIDENCE
abnormal_repricing_score,NUMERIC,20,ic_raw,199,0.004194128291645819,0.3944030784887238,0.6950036225327787,5,4,"{'2022': 0.0055, '2023': 0.0074, '2024': -0.0073, '2025': 0.0043, '2026': 0.0163}",,,0.06436170212765958,False,NO_EVIDENCE
wyckoff_validation_transition_probability_10_bars,NUMERIC,20,ic_raw,199,-0.003115460740830249,-0.39207394799987316,0.6967124308313296,5,4,"{'2022': -0.0263, '2023': 0.0078, '2024': -0.0053, '2025': -0.002, '2026': -0.0061}",,,0.06462765957446809,False,NO_EVIDENCE
wyckoff_score,NUMERIC,20,ic_thesis,199,0.003414403688706525,0.3920041928439027,0.6967636324851636,5,3,"{'2022': 0.0427, '2023': 0.0034, '2024': 0.0031, '2025': -0.0059, '2026': -0.0023}",,,0.0648936170212766,False,NO_EVIDENCE
wyckoff_validation_transition_probability_20_bars,NUMERIC,10,ic_raw,199,0.0028485989146458447,0.38895847458170213,0.6981464203572396,5,3,"{'2022': -0.0231, '2023': 0.0176, '2024': -0.0086, '2025': 0.0072, '2026': 0.0047}",,,0.06515957446808511,False,NO_EVIDENCE
lift_proxy_score,NUMERIC,10,ic_raw,199,-0.00298927708426433,-0.38576578679721557,0.7005020420212085,5,3,"{'2022': -0.0448, '2023': 0.0024, '2024': -0.0089, '2025': -0.0013, '2026': 0.0175}",,,0.06542553191489361,False,NO_EVIDENCE
event_evidence_strength,NUMERIC,20,ic_thesis,199,0.0028468302044774626,0.38534700408472883,0.7016566633320933,5,4,"{'2022': 0.0149, '2023': 0.001, '2024': 0.0045, '2025': -0.0065, '2026': 0.0113}",,,0.06569148936170213,False,NO_EVIDENCE
wyckoff_validation_transition_probability_5_bars,NUMERIC,1,ic_raw,199,-0.0017041710539576842,-0.37971122980070005,0.7045667367082873,5,3,"{'2022': -0.0207, '2023': -0.0037, '2024': 0.0045, '2025': 0.0018, '2026': -0.0036}",,,0.06595744680851064,False,NO_EVIDENCE
wyckoff_validation_alternative_phase_probability,NUMERIC,20,ic_thesis,199,0.002828244740229597,0.3803035713506764,0.7053721077112397,5,4,"{'2022': 0.0102, '2023': 0.0069, '2024': 0.0034, '2025': 0.0078, '2026': -0.0162}",,,0.06622340425531915,False,NO_EVIDENCE
governed_invalidation_spot,NUMERIC,20,ic_thesis,199,0.004218098922568545,0.37799625016121596,0.7070743119252869,5,2,"{'2022': -0.0527, '2023': 0.0211, '2024': -0.0017, '2025': -0.011, '2026': 0.0412}",,,0.06648936170212766,False,NO_EVIDENCE
gap_pct,NUMERIC,5,ic_raw,199,-0.004541989661162197,-0.3719798460998759,0.7103056529999365,5,2,"{'2022': 0.0532, '2023': -0.019, '2024': -0.0578, '2025': 0.015, '2026': 0.04}",,,0.06675531914893618,False,NO_EVIDENCE
baseline_past_return_20,NUMERIC,10,ic_raw,199,-0.005174873904549848,-0.35889991556962075,0.7204381189577812,5,4,"{'2022': -0.0013, '2023': -0.0076, '2024': -0.0046, '2025': -0.0183, '2026': 0.0161}",,,0.0670212765957447,False,NO_EVIDENCE
range_pct,NUMERIC,20,ic_raw,199,-0.007876316941212358,-0.35816691965314845,0.7217646937204305,5,3,"{'2022': 0.0015, '2023': -0.0141, '2024': -0.0324, '2025': 0.0148, '2026': -0.0002}",,,0.0672872340425532,False,NO_EVIDENCE
phase_strength,NUMERIC,10,ic_thesis,196,-0.003860633383776863,-0.347745111394958,0.7287850822386183,5,1,"{'2022': 0.0352, '2023': 0.0075, '2024': -0.052, '2025': 0.0064, '2026': 0.0159}",,,0.0675531914893617,False,NO_EVIDENCE
baseline_past_return_1,NUMERIC,20,ic_raw,199,0.00595952148194078,0.3485871562910364,0.7289002723579455,5,2,"{'2022': -0.0041, '2023': -0.0132, '2024': -0.0004, '2025': 0.0075, '2026': 0.0488}",,,0.0678191489361702,False,NO_EVIDENCE
wyckoff_validation_alternative_phase_probability,NUMERIC,1,ic_raw,199,-0.0014167664017751054,-0.346021393303272,0.7296940286482683,5,2,"{'2022': 0.0059, '2023': -0.0039, '2024': 0.0001, '2025': 0.0012, '2026': -0.0079}",,,0.06808510638297872,False,NO_EVIDENCE
phase_convergence,NUMERIC,5,ic_thesis,199,-0.001699122612751099,-0.34370606344032545,0.7314320548663448,5,3,"{'2022': -0.0068, '2023': -0.0057, '2024': -0.0098, '2025': 0.0004, '2026': 0.0165}",,,0.06835106382978724,False,NO_EVIDENCE
lift_proxy_score,NUMERIC,5,ic_raw,199,-0.0019884074556077644,-0.34297860976251027,0.7319784127862403,5,3,"{'2022': -0.0333, '2023': 0.0097, '2024': -0.0069, '2025': -0.0056, '2026': 0.0098}",,,0.06861702127659575,False,NO_EVIDENCE
baseline_past_return_60,NUMERIC,5,ic_thesis,199,0.0019498585834845598,0.33846986280878866,0.7353677757353742,5,3,"{'2022': 0.0459, '2023': 0.0039, '2024': -0.0059, '2025': 0.0042, '2026': -0.0156}",,,0.06888297872340426,False,NO_EVIDENCE
volume_ratio,NUMERIC,10,ic_thesis,199,0.0019911483464078307,0.3301293556070875,0.742003324190785,5,4,"{'2022': 0.0083, '2023': 0.0042, '2024': -0.0133, '2025': 0.0096, '2026': 0.0072}",,,0.06914893617021277,False,NO_EVIDENCE
volume_ratio,NUMERIC,10,ic_raw,199,0.0022294191950479585,0.32951229411916494,0.7424681796503704,5,2,"{'2022': -0.0099, '2023': 0.0103, '2024': -0.0069, '2025': -0.0013, '2026': 0.0159}",,,0.06941489361702129,False,NO_EVIDENCE
wyckoff_validation_transition_probability_10_bars,NUMERIC,1,ic_raw,199,-0.0014656176642809235,-0.3269415273486874,0.7440574766550878,5,3,"{'2022': -0.0208, '2023': -0.0027, '2024': 0.0051, '2025': 0.0012, '2026': -0.0038}",,,0.06968085106382979,False,NO_EVIDENCE
event_evidence_strength,NUMERIC,5,ic_thesis,199,0.0013802526258141015,0.32574956147114004,0.7449578413815411,5,3,"{'2022': 0.0126, '2023': -0.0085, '2024': 0.0042, '2025': -0.0026, '2026': 0.0127}",,,0.0699468085106383,False,NO_EVIDENCE
gap_pct,NUMERIC,20,ic_thesis,199,-0.003299334308532395,-0.3267364399757579,0.7452659692033141,5,3,"{'2022': -0.0046, '2023': -0.0024, '2024': -0.0134, '2025': 0.0034, '2026': 0.0012}",,,0.07021276595744681,False,NO_EVIDENCE
move_age_bars,NUMERIC,20,ic_thesis,199,-0.0032308939840024744,-0.3122367223248819,0.7561922803172068,5,4,"{'2022': -0.0297, '2023': 0.019, '2024': -0.0008, '2025': -0.0155, '2026': -0.0084}",,,0.07047872340425532,False,NO_EVIDENCE
range_expansion_vs_20d,NUMERIC,20,ic_raw,199,0.0035865449421365278,0.30533427514413364,0.761411512699896,5,3,"{'2022': -0.008, '2023': 0.0135, '2024': -0.0032, '2025': 0.0055, '2026': 0.0018}",,,0.07074468085106383,False,NO_EVIDENCE
base_conditions_count,NUMERIC,20,ic_raw,179,-0.004714519644802268,-0.3046960642717443,0.7620424135971496,5,3,"{'2022': -0.0726, '2023': -0.0151, '2024': 0.0042, '2025': -0.006, '2026': 0.0317}",,,0.07101063829787235,False,NO_EVIDENCE
atr_percentile_rank,NUMERIC,1,ic_raw,199,0.002608249121640367,0.30259296329571606,0.7625177240201128,5,4,"{'2022': -0.0082, '2023': 0.001, '2024': 0.0054, '2025': 0.0007, '2026': 0.0094}",,,0.07127659574468086,False,NO_EVIDENCE
baseline_past_return_1,NUMERIC,10,ic_thesis,199,-0.002150465207722672,-0.30248504477937316,0.7629201605523729,5,2,"{'2022': -0.011, '2023': 0.0008, '2024': -0.0195, '2025': 0.0024, '2026': 0.018}",,,0.07154255319148936,False,NO_EVIDENCE
wyckoff_validation_alternative_phase_probability,NUMERIC,5,ic_raw,199,0.0013064386150255325,0.3016804449135263,0.7632122926531248,5,2,"{'2022': -0.0089, '2023': -0.0005, '2024': -0.0079, '2025': 0.0132, '2026': 0.0053}",,,0.07180851063829788,False,NO_EVIDENCE
compression_ratio,NUMERIC,10,ic_thesis,196,-0.003390208331270698,-0.3003631804687474,0.7645429379738489,5,3,"{'2022': -0.0229, '2023': -0.0091, '2024': -0.0296, '2025': 0.0181, '2026': 0.0239}",,,0.07207446808510638,False,NO_EVIDENCE
baseline_past_return_20,NUMERIC,5,ic_thesis,199,-0.001847597028452518,-0.2929929300479148,0.7698343902702071,5,4,"{'2022': 0.0353, '2023': -0.0021, '2024': -0.0083, '2025': -0.0053, '2026': -0.0058}",,,0.0723404255319149,False,NO_EVIDENCE
fusion_alignment_score,NUMERIC,20,ic_raw,199,0.002833278466819179,0.2884389573902191,0.7742336365609792,5,4,"{'2022': 0.0045, '2023': 0.0019, '2024': -0.0026, '2025': 0.0008, '2026': 0.015}",,,0.0726063829787234,False,NO_EVIDENCE
volume_ratio,NUMERIC,20,ic_thesis,199,0.002421882400124106,0.2866016995966354,0.7756318686988503,5,3,"{'2022': 0.0066, '2023': -0.0105, '2024': -0.0049, '2025': 0.0099, '2026': 0.0201}",,,0.07287234042553192,False,NO_EVIDENCE
adv_dollars,NUMERIC,1,ic_raw,199,-0.0025173915201312977,-0.2808977816468717,0.7790821070534827,5,3,"{'2022': -0.0474, '2023': 0.0111, '2024': 0.0059, '2025': -0.0059, '2026': -0.0079}",,,0.07313829787234043,False,NO_EVIDENCE
baseline_past_return_5,NUMERIC,10,ic_thesis,199,0.002048181135148626,0.2786610690893666,0.7810891198592581,5,3,"{'2022': 0.0061, '2023': 0.0109, '2024': -0.0047, '2025': -0.0036, '2026': 0.0054}",,,0.07340425531914894,False,NO_EVIDENCE
crabel_compression,NUMERIC,10,ic_thesis,199,0.0018094703703802862,0.27596751780908274,0.7831511768318482,5,4,"{'2022': 0.0201, '2023': 0.0016, '2024': -0.0061, '2025': 0.0008, '2026': 0.0063}",,,0.07367021276595745,False,NO_EVIDENCE
dollar_volume_zscore,NUMERIC,10,ic_raw,199,-0.0019016798674654494,-0.2730984907274809,0.7853492718123901,5,3,"{'2022': -0.0147, '2023': 0.0021, '2024': -0.0066, '2025': -0.0112, '2026': 0.0206}",,,0.07393617021276595,False,NO_EVIDENCE
wyckoff_validation_alternative_phase_probability,NUMERIC,20,ic_raw,199,-0.0020413083238782106,-0.2678027032837812,0.7899810476656418,5,3,"{'2022': -0.0219, '2023': -0.0077, '2024': -0.0084, '2025': 0.0143, '2026': 0.0018}",,,0.07420212765957447,False,NO_EVIDENCE
fusion_contradictions,NUMERIC,20,ic_thesis,199,-0.002221411943583915,-0.266186508417079,0.7912181942757323,5,4,"{'2022': -0.0182, '2023': -0.0019, '2024': -0.0058, '2025': 0.0076, '2026': -0.004}",,,0.07446808510638298,False,NO_EVIDENCE
fusion_contradictions,NUMERIC,20,ic_raw,199,-0.002606023227282462,-0.2650890155999899,0.7920586001424504,5,4,"{'2022': -0.0004, '2023': -0.0004, '2024': -0.0006, '2025': 0.0054, '2026': -0.0228}",,,0.0747340425531915,False,NO_EVIDENCE
dollar_volume_zscore,NUMERIC,1,ic_raw,199,0.0014304464511376313,0.2630112614257587,0.7928153797295439,5,3,"{'2022': -0.0344, '2023': 0.0076, '2024': 0.0078, '2025': -0.0164, '2026': 0.0286}",,,0.07500000000000001,False,NO_EVIDENCE
range_expansion_vs_20d,NUMERIC,10,ic_thesis,199,0.0016645359247454297,0.2610123957111215,0.7946278864686578,5,3,"{'2022': 0.0162, '2023': -0.0074, '2024': -0.0092, '2025': 0.012, '2026': 0.0089}",,,0.07526595744680852,False,NO_EVIDENCE
wyckoff_validation_transition_probability_5_bars,NUMERIC,5,ic_raw,199,-0.0009587205035951461,-0.2578974511067781,0.7967539039546522,5,2,"{'2022': -0.0054, '2023': 0.0017, '2024': 0.0037, '2025': 0.0014, '2026': -0.0138}",,,0.07553191489361703,False,NO_EVIDENCE
abnormal_repricing_score,NUMERIC,10,ic_thesis,199,0.002367016590945731,0.2544140676619842,0.7997060582775422,5,3,"{'2022': -0.0222, '2023': -0.0024, '2024': 0.0075, '2025': 0.0039, '2026': 0.0125}",,,0.07579787234042554,False,NO_EVIDENCE
wyckoff_validation_phase_correctness_score,NUMERIC,5,ic_thesis,199,0.0012888252797265086,0.24967363137810658,0.803098587573954,5,3,"{'2022': 0.0211, '2023': -0.0072, '2024': 0.0017, '2025': -0.0018, '2026': 0.0081}",,,0.07606382978723404,False,NO_EVIDENCE
governed_invalidation_spot,NUMERIC,10,ic_raw,199,-0.0033444356590680347,-0.24826591388197025,0.8044455250510453,5,3,"{'2022': -0.0234, '2023': 0.0049, '2024': 0.009, '2025': -0.0142, '2026': -0.0078}",,,0.07632978723404256,False,NO_EVIDENCE
wyckoff_validation_transition_probability_5_bars,NUMERIC,20,ic_raw,199,-0.0018971072913401073,-0.24012920612774136,0.8112369912151808,5,4,"{'2022': -0.0287, '2023': 0.0107, '2024': -0.0021, '2025': -0.0023, '2026': -0.0064}",,,0.07659574468085106,False,NO_EVIDENCE
truth_confidence,NUMERIC,20,ic_thesis,199,0.002118256058702097,0.2398979725110404,0.8114152315049562,5,3,"{'2022': 0.0408, '2023': 0.0039, '2024': 0.0003, '2025': -0.0056, '2026': -0.0062}",,,0.07686170212765958,False,NO_EVIDENCE
range_pct,NUMERIC,10,ic_raw,199,-0.004056724290544809,-0.23867607792382103,0.8118526310469983,5,3,"{'2022': -0.0472, '2023': 0.0018, '2024': -0.0233, '2025': 0.0216, '2026': -0.0003}",,,0.07712765957446809,False,NO_EVIDENCE
move_age_bars,NUMERIC,20,ic_raw,199,-0.002489226158084417,-0.23857289859703013,0.8124368236074766,5,3,"{'2022': -0.0204, '2023': -0.0082, '2024': 0.0073, '2025': 0.0053, '2026': -0.0115}",,,0.0773936170212766,False,NO_EVIDENCE
fusion_contradictions,NUMERIC,10,ic_raw,199,0.0016994746296888897,0.23601244475446775,0.8139130666446118,5,4,"{'2022': 0.0246, '2023': 0.0015, '2024': 0.0084, '2025': 0.0007, '2026': -0.0191}",,,0.07765957446808511,False,NO_EVIDENCE
wyckoff_validation_transition_probability_20_bars,NUMERIC,20,ic_raw,199,-0.002350627203526257,-0.23435838956964614,0.8156882638405659,5,3,"{'2022': -0.0116, '2023': 0.0033, '2024': -0.0123, '2025': -0.0024, '2026': 0.0095}",,,0.07792553191489363,False,NO_EVIDENCE
phase_convergence,NUMERIC,5,ic_raw,199,-0.0009320250708853597,-0.2331294262321608,0.8159017338667636,5,3,"{'2022': 0.0098, '2023': 0.005, '2024': -0.0069, '2025': -0.005, '2026': -0.0002}",,,0.07819148936170213,False,NO_EVIDENCE
phase_convergence,NUMERIC,10,ic_thesis,199,0.0015685148429847799,0.23068005570614902,0.8180418171465882,5,3,"{'2022': 0.0059, '2023': -0.0053, '2024': 0.0048, '2025': -0.003, '2026': 0.0122}",,,0.07845744680851063,False,NO_EVIDENCE
atr_pct,NUMERIC,10,ic_raw,199,-0.0048412019504731245,-0.2287586387586248,0.8195307909428138,5,4,"{'2022': -0.0289, '2023': -0.0019, '2024': -0.0264, '2025': 0.0264, '2026': -0.0118}",,,0.07872340425531915,False,NO_EVIDENCE
wyckoff_validation_transition_probability_5_bars,NUMERIC,10,ic_raw,199,-0.0013201490816220052,-0.22685259003813452,0.8210085083676292,5,2,"{'2022': -0.0198, '2023': 0.0086, '2024': 0.0024, '2025': 0.0006, '2026': -0.0158}",,,0.07898936170212767,False,NO_EVIDENCE
crabel_score,NUMERIC,20,ic_thesis,199,-0.0018325615964197726,-0.22598956526330316,0.8221543607528006,5,3,"{'2022': -0.0062, '2023': 0.0006, '2024': 0.009, '2025': -0.013, '2026': -0.0029}",,,0.07925531914893617,False,NO_EVIDENCE
win_probability,NUMERIC,5,ic_thesis,199,0.0011087080161658507,0.22169128625655624,0.8247826905287485,5,3,"{'2022': 0.0235, '2023': -0.0162, '2024': 0.009, '2025': -0.001, '2026': 0.0072}",,,0.07952127659574469,False,NO_EVIDENCE
dominant_trend,LABEL,1,mean_signed_bps,199,-0.8524857535294219,-0.22120537944229954,0.825160474457378,5,3,"{'2022': -15.7468, '2023': -4.2508, '2024': 4.7675, '2025': -1.725, '2026': 4.9522}",0.5076857020108352,0.5771690135174512,0.0797872340425532,False,NO_EVIDENCE
vwap_bias,LABEL,20,mean_signed_bps,199,3.8163538697646695,0.2208949608022274,0.8260967996293946,5,2,"{'2022': -22.8879, '2023': -0.1015, '2024': -13.1235, '2025': 5.8521, '2026': 47.4123}",0.5055320278021528,0.530871132866034,0.0800531914893617,False,NO_EVIDENCE
phase_convergence,NUMERIC,20,ic_thesis,199,0.002149988182406458,0.22024063263446456,0.8266034788597288,5,2,"{'2022': -0.0025, '2023': -0.0034, '2024': -0.0058, '2025': 0.0085, '2026': 0.0158}",,,0.08031914893617022,False,NO_EVIDENCE
lift_proxy_score,NUMERIC,20,ic_raw,199,-0.002319529490304515,-0.2195231314106233,0.827159161733747,5,3,"{'2022': -0.0208, '2023': 0.0016, '2024': -0.0114, '2025': -0.0109, '2026': 0.029}",,,0.08058510638297872,False,NO_EVIDENCE
composite_adjusted,NUMERIC,5,ic_thesis,199,0.0010900444190463366,0.2181982280193673,0.8274993857223291,5,3,"{'2022': 0.0234, '2023': -0.0162, '2024': 0.0089, '2025': -0.001, '2026': 0.0073}",,,0.08085106382978724,False,NO_EVIDENCE
composite_score,NUMERIC,5,ic_thesis,199,0.0010900444190463366,0.2181982280193673,0.8274993857223291,5,3,"{'2022': 0.0234, '2023': -0.0162, '2024': 0.0089, '2025': -0.001, '2026': 0.0073}",,,0.08111702127659574,False,NO_EVIDENCE
baseline_past_return_5,NUMERIC,5,ic_thesis,199,-0.0012325253710790786,-0.215044171102365,0.82995421468314,5,2,"{'2022': 0.0307, '2023': 0.0037, '2024': -0.0159, '2025': 0.0051, '2026': -0.0129}",,,0.08138297872340426,False,NO_EVIDENCE
range_expansion_vs_20d,NUMERIC,1,ic_thesis,199,-0.0010744338446560735,-0.21130683237478087,0.8328651813750576,5,3,"{'2022': 0.0122, '2023': 0.0089, '2024': -0.007, '2025': -0.0025, '2026': -0.0122}",,,0.08164893617021278,False,NO_EVIDENCE
days_to_trigger,NUMERIC,20,ic_thesis,180,0.003586337063541752,0.20994034616821405,0.8346833461925054,5,4,"{'2022': 0.0157, '2023': -0.017, '2024': 0.0017, '2025': 0.021, '2026': 0.0082}",,,0.08191489361702128,False,NO_EVIDENCE
baseline_past_return_20,NUMERIC,20,ic_thesis,199,0.0022791247372766534,0.2090959011618103,0.8352446652691747,5,3,"{'2022': -0.0087, '2023': 0.0133, '2024': 0.0157, '2025': -0.0191, '2026': 0.0034}",,,0.08218085106382979,False,NO_EVIDENCE
wyckoff_validation_alternative_phase_probability,NUMERIC,10,ic_raw,199,-0.0012469594066658635,-0.20809816954271104,0.8355819952657227,5,4,"{'2022': -0.0189, '2023': -0.0049, '2024': -0.0016, '2025': 0.0111, '2026': -0.0047}",,,0.08244680851063829,False,NO_EVIDENCE
governed_invalidation_spot,NUMERIC,20,ic_raw,199,-0.003950766826486086,-0.207484568221626,0.836495754938832,5,3,"{'2022': -0.0648, '2023': 0.0123, '2024': 0.017, '2025': -0.0156, '2026': -0.0115}",,,0.08271276595744681,False,NO_EVIDENCE
phase_strength,NUMERIC,1,ic_thesis,196,-0.0016086828340253795,-0.20264198201024583,0.8396261481489802,5,2,"{'2022': 0.0325, '2023': 0.0133, '2024': -0.0283, '2025': 0.0081, '2026': -0.0168}",,,0.08297872340425533,False,NO_EVIDENCE
early_formation_score,NUMERIC,20,ic_thesis,196,0.0030241694395114174,0.20333901603957144,0.8397296324776765,5,3,"{'2022': 0.0512, '2023': 0.0145, '2024': 0.0141, '2025': -0.0199, '2026': -0.0231}",,,0.08324468085106383,False,NO_EVIDENCE
baseline_past_return_60,NUMERIC,20,ic_raw,199,0.004089477404474363,0.19894615709223737,0.8431322893722397,5,2,"{'2022': -0.0139, '2023': -0.0266, '2024': 0.0265, '2025': 0.0277, '2026': -0.0104}",,,0.08351063829787235,False,NO_EVIDENCE
atr_pct,NUMERIC,20,ic_raw,199,-0.005440297831924104,-0.1978139314184482,0.8440131932283639,5,2,"{'2022': 0.0218, '2023': -0.0202, '2024': -0.0371, '2025': 0.0274, '2026': 0.0014}",,,0.08377659574468085,False,NO_EVIDENCE
phase_convergence,NUMERIC,20,ic_raw,199,0.0014832649720946359,0.19386206485243473,0.8470894276378669,5,3,"{'2022': 0.0194, '2023': 0.0042, '2024': -0.0009, '2025': -0.0107, '2026': 0.0105}",,,0.08404255319148937,False,NO_EVIDENCE
composite_adjusted,NUMERIC,10,ic_raw,199,-0.0017536210129018592,-0.19253203336752012,0.8477218766466417,5,3,"{'2022': -0.0252, '2023': -0.0056, '2024': -0.0061, '2025': 0.0058, '2026': 0.0116}",,,0.08430851063829788,False,NO_EVIDENCE
composite_score,NUMERIC,10,ic_raw,199,-0.0017536210129018592,-0.19253203336752012,0.8477218766466417,5,3,"{'2022': -0.0252, '2023': -0.0056, '2024': -0.0061, '2025': 0.0058, '2026': 0.0116}",,,0.08457446808510638,False,NO_EVIDENCE
win_probability,NUMERIC,10,ic_raw,199,-0.0017387961156907284,-0.1907493864681996,0.8491145479757566,5,3,"{'2022': -0.0252, '2023': -0.0053, '2024': -0.0062, '2025': 0.0058, '2026': 0.0115}",,,0.0848404255319149,False,NO_EVIDENCE
adv_dollars,NUMERIC,20,ic_thesis,199,0.001621057576493804,0.1662723377490263,0.8686303375015233,5,2,"{'2022': -0.0284, '2023': 0.031, '2024': -0.0075, '2025': -0.0187, '2026': 0.0178}",,,0.0851063829787234,False,NO_EVIDENCE
wyckoff_validation_phase_maturity_score,NUMERIC,20,ic_raw,199,-0.0016478190832585433,-0.1652446204327955,0.8694347887699851,5,2,"{'2022': -0.0086, '2023': 0.0026, '2024': -0.0126, '2025': 0.0028, '2026': 0.0054}",,,0.08537234042553192,False,NO_EVIDENCE
governed_invalidation_spot,NUMERIC,5,ic_thesis,199,0.000956458602240423,0.1623159616890406,0.871222572410356,5,3,"{'2022': 0.0067, '2023': 0.0123, '2024': -0.0126, '2025': -0.0076, '2026': 0.0147}",,,0.08563829787234044,False,NO_EVIDENCE
wyckoff_score,NUMERIC,10,ic_raw,199,-0.0013720787567930365,-0.15227695267525126,0.8792799825827754,5,3,"{'2022': -0.0294, '2023': -0.004, '2024': -0.0105, '2025': 0.0072, '2026': 0.0184}",,,0.08590425531914894,False,NO_EVIDENCE
fusion_alignment_score,NUMERIC,20,ic_thesis,199,0.0010919957243763977,0.15140107262483293,0.8802841398744088,5,2,"{'2022': 0.0317, '2023': -0.0021, '2024': -0.002, '2025': -0.0059, '2026': 0.0056}",,,0.08617021276595745,False,NO_EVIDENCE
range_expansion_vs_20d,NUMERIC,10,ic_raw,199,0.0012129560762129212,0.1483262557232165,0.8823885231169595,5,3,"{'2022': -0.0277, '2023': 0.0086, '2024': -0.0072, '2025': 0.0004, '2026': 0.0195}",,,0.08643617021276596,False,NO_EVIDENCE
governed_invalidation_spot,NUMERIC,10,ic_thesis,199,0.0011717469677750918,0.14399902667907044,0.8857954415918763,5,2,"{'2022': -0.0112, '2023': 0.0063, '2024': -0.0108, '2025': -0.0033, '2026': 0.0253}",,,0.08670212765957447,False,NO_EVIDENCE
compression_ratio,NUMERIC,1,ic_thesis,196,-0.0011873330585195584,-0.14181449263767937,0.8873729434812754,5,3,"{'2022': -0.0161, '2023': -0.0034, '2024': 0.0045, '2025': 0.0208, '2026': -0.0315}",,,0.08696808510638299,False,NO_EVIDENCE
dollar_volume_zscore,NUMERIC,5,ic_raw,199,0.0007559730363734441,0.14110311106147075,0.8879319391434131,5,2,"{'2022': -0.0356, '2023': 0.0048, '2024': -0.0014, '2025': -0.0099, '2026': 0.0338}",,,0.0872340425531915,False,NO_EVIDENCE
wyckoff_validation_transition_probability_20_bars,NUMERIC,5,ic_raw,199,-0.0006962478894181963,-0.13254249592777073,0.8946898107954602,5,3,"{'2022': -0.0223, '2023': 0.0103, '2024': -0.0049, '2025': 0.0015, '2026': -0.0033}",,,0.0875,False,NO_EVIDENCE
direction,LABEL,5,mean_signed_bps,199,0.4923787042836555,0.1325100309652974,0.894715454084233,5,3,"{'2022': -15.1734, '2023': 0.0197, '2024': 9.8754, '2025': 2.101, '2026': -7.621}",0.5021266358474509,0.5616516672036239,0.08776595744680851,False,NO_EVIDENCE
discovery_direction_preliminary,LABEL,5,mean_signed_bps,199,0.4923787042836555,0.1325100309652974,0.894715454084233,5,3,"{'2022': -15.1734, '2023': 0.0197, '2024': 9.8754, '2025': 2.101, '2026': -7.621}",0.5021266358474509,0.5616516672036239,0.08803191489361703,False,NO_EVIDENCE
win_probability,NUMERIC,20,ic_raw,199,-0.0015286429568759229,-0.13182258674662067,0.8956671802446309,5,4,"{'2022': -0.0105, '2023': -0.0098, '2024': -0.0083, '2025': -0.0018, '2026': 0.0273}",,,0.08829787234042553,False,NO_EVIDENCE
governed_invalidation_spot,NUMERIC,5,ic_raw,199,0.0012682904133765305,0.13025872100550473,0.8964939783024674,5,2,"{'2022': -0.002, '2023': 0.007, '2024': 0.0151, '2025': -0.0122, '2026': -0.0067}",,,0.08856382978723405,False,NO_EVIDENCE
move_age_bars,NUMERIC,10,ic_thesis,199,-0.0010469567101067097,-0.1298303030181331,0.8969654486392951,5,2,"{'2022': -0.004, '2023': 0.0095, '2024': 0.0024, '2025': -0.0154, '2026': 0.0011}",,,0.08882978723404254,False,NO_EVIDENCE
fusion_alignment_score,NUMERIC,10,ic_raw,199,-0.0009474209667070623,-0.1285617719243501,0.8979665495873914,5,2,"{'2022': -0.0181, '2023': 0.0036, '2024': -0.0124, '2025': 0.0013, '2026': 0.0155}",,,0.08909574468085106,False,NO_EVIDENCE
days_to_trigger,NUMERIC,10,ic_thesis,180,-0.001566546575727137,-0.1269075117931817,0.8992998826644999,5,2,"{'2022': 0.0287, '2023': -0.0151, '2024': -0.018, '2025': 0.006, '2026': 0.0193}",,,0.08936170212765958,False,NO_EVIDENCE
composite_score,NUMERIC,20,ic_raw,199,-0.0014511841929950079,-0.12498835606473117,0.9010467644811644,5,4,"{'2022': -0.0105, '2023': -0.01, '2024': -0.0081, '2025': -0.0017, '2026': 0.0275}",,,0.0896276595744681,False,NO_EVIDENCE
composite_adjusted,NUMERIC,20,ic_raw,199,-0.0014511841929950079,-0.12498835606473117,0.9010467644811644,5,4,"{'2022': -0.0105, '2023': -0.01, '2024': -0.0081, '2025': -0.0017, '2026': 0.0275}",,,0.0898936170212766,False,NO_EVIDENCE
vwap_bias,LABEL,10,mean_signed_bps,199,-0.9616655700468704,-0.10838600867050874,0.9139099823730163,5,4,"{'2022': -19.1436, '2023': -1.2688, '2024': -8.7134, '2025': -5.4626, '2026': 28.3222}",0.49932579653101167,0.530871132866034,0.0901595744680851,False,NO_EVIDENCE
phase_strength,NUMERIC,20,ic_thesis,196,0.001721817359213386,0.107683994511295,0.9146952236941869,5,3,"{'2022': 0.0279, '2023': 0.0172, '2024': -0.0298, '2025': -0.0, '2026': 0.0145}",,,0.09042553191489362,False,NO_EVIDENCE
composite_adjusted,NUMERIC,1,ic_thesis,199,0.0005485770847091565,0.10569840845812543,0.9159286482138116,5,2,"{'2022': -0.0062, '2023': -0.0055, '2024': 0.0098, '2025': 0.0055, '2026': -0.0086}",,,0.09069148936170213,False,NO_EVIDENCE
composite_score,NUMERIC,1,ic_thesis,199,0.0005485770847091565,0.10569840845812543,0.9159286482138116,5,2,"{'2022': -0.0062, '2023': -0.0055, '2024': 0.0098, '2025': 0.0055, '2026': -0.0086}",,,0.09095744680851064,False,NO_EVIDENCE
crabel_compression,NUMERIC,10,ic_raw,199,0.0009203832988621775,0.10436188964426668,0.9170943736178091,5,3,"{'2022': -0.0061, '2023': 0.0105, '2024': -0.0175, '2025': 0.0036, '2026': 0.0144}",,,0.09122340425531916,False,NO_EVIDENCE
composite_score,NUMERIC,20,ic_thesis,199,0.0009090365967532717,0.10259031317084308,0.9187089761569844,5,3,"{'2022': 0.0378, '2023': 0.004, '2024': 0.0027, '2025': -0.0088, '2026': -0.0111}",,,0.09148936170212765,False,NO_EVIDENCE
composite_adjusted,NUMERIC,20,ic_thesis,199,0.0009090365967532717,0.10259031317084308,0.9187089761569844,5,3,"{'2022': 0.0378, '2023': 0.004, '2024': 0.0027, '2025': -0.0088, '2026': -0.0111}",,,0.09175531914893617,False,NO_EVIDENCE
wyckoff_score,NUMERIC,20,ic_raw,199,0.001181202962539614,0.10211988297433496,0.9190804146250822,5,2,"{'2022': -0.0084, '2023': -0.0057, '2024': -0.0071, '2025': 0.0019, '2026': 0.0288}",,,0.09202127659574469,False,NO_EVIDENCE
gap_pct,NUMERIC,20,ic_raw,199,-0.0021056954138624078,-0.10164981925214585,0.9194515819206932,5,3,"{'2022': -0.0112, '2023': -0.0403, '2024': -0.0011, '2025': 0.0311, '2026': 0.009}",,,0.09228723404255319,False,NO_EVIDENCE
discovery_direction_preliminary,LABEL,10,mean_signed_bps,199,-0.7619068217072892,-0.10108797937468525,0.9196861040136888,5,4,"{'2022': -14.9807, '2023': -0.9054, '2024': 20.3033, '2025': -3.4237, '2026': -21.7393}",0.49835465503984955,0.5616516672036239,0.09255319148936171,False,NO_EVIDENCE
direction,LABEL,10,mean_signed_bps,199,-0.7619068217072892,-0.10108797937468525,0.9196861040136888,5,4,"{'2022': -14.9807, '2023': -0.9054, '2024': 20.3033, '2025': -3.4237, '2026': -21.7393}",0.49835465503984955,0.5616516672036239,0.09281914893617021,False,NO_EVIDENCE
range_pct,NUMERIC,5,ic_thesis,199,-0.0005529605419658043,-0.09460704599567407,0.9247226255183172,5,3,"{'2022': -0.027, '2023': -0.0059, '2024': 0.0053, '2025': 0.0084, '2026': -0.0012}",,,0.09308510638297872,False,NO_EVIDENCE
win_probability,NUMERIC,20,ic_thesis,199,0.0008112076516031268,0.09199577947797082,0.9270783968553998,5,3,"{'2022': 0.0375, '2023': 0.0039, '2024': 0.0027, '2025': -0.0089, '2026': -0.0112}",,,0.09335106382978724,False,NO_EVIDENCE
win_probability,NUMERIC,1,ic_thesis,199,0.0004726000141342415,0.09100911014212153,0.927577356095052,5,2,"{'2022': -0.006, '2023': -0.0058, '2024': 0.0097, '2025': 0.0056, '2026': -0.0087}",,,0.09361702127659575,False,NO_EVIDENCE
event_evidence_strength,NUMERIC,20,ic_raw,199,0.0007548059444552191,0.08908418323216305,0.9293799851420079,5,3,"{'2022': 0.0071, '2023': 0.0047, '2024': -0.0023, '2025': -0.0071, '2026': 0.0084}",,,0.09388297872340427,False,NO_EVIDENCE
truth_confidence,NUMERIC,20,ic_raw,199,0.001054188113515332,0.08748517193088513,0.9306442483153549,5,2,"{'2022': -0.0046, '2023': -0.0104, '2024': -0.0073, '2025': 0.0047, '2026': 0.0294}",,,0.09414893617021276,False,NO_EVIDENCE
wyckoff_validation_phase_maturity_score,NUMERIC,5,ic_raw,199,-0.000475283983651294,-0.08667152912980793,0.9310201933478515,5,3,"{'2022': -0.0216, '2023': 0.0087, '2024': -0.0048, '2025': 0.0039, '2026': -0.0037}",,,0.09441489361702128,False,NO_EVIDENCE
abnormal_repricing_score,NUMERIC,10,ic_raw,199,-0.0006585732923673334,-0.07937728358877534,0.9368935785915791,5,2,"{'2022': -0.0385, '2023': 0.001, '2024': -0.0091, '2025': 0.0119, '2026': 0.0106}",,,0.09468085106382979,False,NO_EVIDENCE
wyckoff_validation_phase_correctness_score,NUMERIC,20,ic_raw,199,-0.000947265162279776,-0.07800716486963614,0.9381416583707597,5,4,"{'2022': -0.0046, '2023': -0.0061, '2024': -0.0088, '2025': -0.0011, '2026': 0.0215}",,,0.0949468085106383,False,NO_EVIDENCE
range_pct,NUMERIC,20,ic_thesis,199,0.0008085310305925138,0.0765955599678808,0.9392587841878551,5,3,"{'2022': 0.0407, '2023': -0.0197, '2024': 0.0005, '2025': 0.0148, '2026': -0.0097}",,,0.09521276595744682,False,NO_EVIDENCE
compression_ratio,NUMERIC,20,ic_thesis,196,-0.0011375383506814956,-0.07499766438324312,0.9405282690069612,5,3,"{'2022': -0.0305, '2023': -0.0038, '2024': -0.03, '2025': 0.0232, '2026': 0.0265}",,,0.09547872340425531,False,NO_EVIDENCE
compression_ratio,NUMERIC,5,ic_raw,196,0.0007212344185582042,0.06953049271721891,0.9446386116131511,5,2,"{'2022': 0.046, '2023': 0.0137, '2024': -0.0214, '2025': -0.0044, '2026': -0.0021}",,,0.09574468085106383,False,NO_EVIDENCE
fusion_alignment_score,NUMERIC,1,ic_thesis,199,-0.00029595883431472183,-0.0639811375479873,0.9490497929848217,5,3,"{'2022': -0.0062, '2023': -0.0007, '2024': 0.0014, '2025': 0.0047, '2026': -0.0071}",,,0.09601063829787235,False,NO_EVIDENCE
atr_percentile_rank,NUMERIC,5,ic_raw,199,0.0004556413104735954,0.06258553978513486,0.9501596778549627,5,4,"{'2022': 0.0372, '2023': 0.0042, '2024': -0.0186, '2025': 0.002, '2026': 0.0025}",,,0.09627659574468087,False,NO_EVIDENCE
range_expansion_vs_20d,NUMERIC,20,ic_thesis,199,0.0004922168231130797,0.05710291172504318,0.9546966292281319,5,3,"{'2022': 0.0127, '2023': -0.0083, '2024': -0.0077, '2025': 0.0067, '2026': 0.0108}",,,0.09654255319148937,False,NO_EVIDENCE
truth_confidence,NUMERIC,10,ic_raw,199,-0.0005030583093632613,-0.054445686002588346,0.9566903588144389,5,3,"{'2022': -0.0282, '2023': -0.0058, '2024': -0.0101, '2025': 0.0102, '2026': 0.0208}",,,0.09680851063829787,False,NO_EVIDENCE
baseline_past_return_60,NUMERIC,5,ic_raw,199,0.0006146433545181531,0.051485272836426794,0.9589907402245207,5,3,"{'2022': -0.0068, '2023': -0.0135, '2024': 0.0047, '2025': 0.0102, '2026': 0.0052}",,,0.09707446808510638,False,NO_EVIDENCE
wyckoff_validation_phase_probability,NUMERIC,10,ic_thesis,199,0.0002446027198674942,0.03415493638168742,0.9728227191592165,5,3,"{'2022': 0.0197, '2023': 0.0089, '2024': -0.02, '2025': 0.0079, '2026': -0.0039}",,,0.0973404255319149,False,NO_EVIDENCE
phase_evidence_strength,NUMERIC,10,ic_thesis,199,0.0002446027198674942,0.03415493638168742,0.9728227191592165,5,3,"{'2022': 0.0197, '2023': 0.0089, '2024': -0.02, '2025': 0.0079, '2026': -0.0039}",,,0.09760638297872341,False,NO_EVIDENCE
early_formation_score,NUMERIC,1,ic_thesis,196,-0.00024722398167620796,-0.030001545657842184,0.9760965039019831,5,2,"{'2022': 0.0234, '2023': 0.0165, '2024': -0.0116, '2025': -0.0258, '2026': 0.0168}",,,0.09787234042553193,False,NO_EVIDENCE
range_pct,NUMERIC,5,ic_raw,199,-0.00037161773414925753,-0.02924526043063455,0.976698440460328,5,2,"{'2022': -0.0484, '2023': 0.0016, '2024': -0.0138, '2025': 0.0186, '2026': 0.0133}",,,0.09813829787234042,False,NO_EVIDENCE
crabel_score,NUMERIC,1,ic_thesis,199,0.00010779924125387059,0.02427737309826329,0.9806558108730546,5,2,"{'2022': 0.0058, '2023': 0.0036, '2024': -0.0032, '2025': -0.0014, '2026': -0.0007}",,,0.09840425531914894,False,NO_EVIDENCE
wyckoff_validation_phase_correctness_score,NUMERIC,10,ic_raw,199,0.00022253256747429678,0.02402960418781553,0.9808776083163491,5,3,"{'2022': -0.0263, '2023': 0.0039, '2024': -0.0103, '2025': 0.0068, '2026': 0.0149}",,,0.09867021276595746,False,NO_EVIDENCE
atr_pct,NUMERIC,20,ic_thesis,199,-0.00026131864417078905,-0.02232406232699385,0.9822805808510892,5,2,"{'2022': 0.038, '2023': -0.0236, '2024': 0.0083, '2025': 0.0099, '2026': -0.0135}",,,0.09893617021276596,False,NO_EVIDENCE
baseline_past_return_1,NUMERIC,1,ic_thesis,199,-0.00012494511746563575,-0.02152510091359978,0.9828484567367054,5,3,"{'2022': 0.0105, '2023': -0.0067, '2024': -0.0196, '2025': -0.0007, '2026': 0.0358}",,,0.09920212765957448,False,NO_EVIDENCE
baseline_past_return_60,NUMERIC,10,ic_raw,199,0.00025356038037450403,0.016855400152209495,0.9865860678618366,5,4,"{'2022': 0.0046, '2023': -0.0265, '2024': 0.0119, '2025': 0.0098, '2026': 0.0067}",,,0.09946808510638297,False,NO_EVIDENCE
days_to_trigger,NUMERIC,1,ic_raw,180,0.000166144350883441,0.016275253668403288,0.9870329258385689,5,3,"{'2022': -0.0055, '2023': -0.017, '2024': 0.0109, '2025': 0.0082, '2026': 0.0025}",,,0.09973404255319149,False,NO_EVIDENCE
adx_14,NUMERIC,20,ic_thesis,199,-3.995426045283886e-05,-0.004522960737616167,0.9964096699576679,5,2,"{'2022': 0.0294, '2023': 0.0097, '2024': -0.0233, '2025': -0.0116, '2026': 0.0235}",,,0.1,False,NO_EVIDENCE
