signal,horizon,expected_sign,train_dates,train_ic,train_t,train_positive_share,train_partial_ic,train_partial_t,train_top_bottom_net,train_median_share_spread,test_dates,test_ic,test_t,test_positive_share,test_partial_ic,test_partial_t,test_top_bottom_net,test_median_share_spread,yearly_ic,same_sign_years,years,test_p,test_fdr,c1_train,c2_test,c3_years,c4_economic,c5_not_reversal,passes_1_to_3_and_5
H1,5,1,117,0.015259970557374181,1.2037815955431137,0.5042735042735043,,,0.00268752836204715,0.0,82,8.599924559424808e-05,0.005552022341321702,0.5,,,0.0014004549375803194,0.003191802816860243,"{'2022': 0.0482, '2023': 0.0096, '2024': 0.0097, '2025': -0.0017, '2026': 0.0028}",4,5,0.9955701498509583,False,False,False,True,False,True,False
H1,10,1,117,0.009357382404902956,0.8403675852483911,0.5470085470085471,,,0.0017175948308963919,0.0,82,0.015162607580002561,0.9513543026528448,0.524390243902439,,,0.003341372909705569,0.003191802816860243,"{'2022': 0.046, '2023': 0.0008, '2024': 0.0055, '2025': 0.0244, '2026': 0.0008}",5,5,0.3414245496088608,False,False,False,True,True,True,False
H1,20,1,117,0.008185287968408972,0.7827092786903712,0.5299145299145299,,,0.002141664166996138,0.0,82,0.010086263121163518,0.8449167453032158,0.5121951219512195,,,0.003847137424052044,0.003191802816860243,"{'2022': 0.0281, '2023': 0.0032, '2024': 0.0064, '2025': 0.015, '2026': 0.0024}",5,5,0.3981573243308746,False,False,False,True,False,True,False
H10,5,1,117,0.016128229362651642,0.7773327319732504,0.5128205128205128,0.01712207001661407,0.8663614411389022,4.9102132366563774e-05,0.0009236570003958303,82,-0.017262092875460402,-0.7024774724570519,0.43902439024390244,-0.019543541744885554,-0.8462111209273235,-0.0020418499221146083,0.00309299545269318,"{'2022': 0.0511, '2023': 0.0009, '2024': 0.0194, '2025': -0.0296, '2026': 0.002}",4,5,0.4823814458143689,False,False,False,True,False,False,False
H10,10,1,117,0.01600179365476458,0.6808954012521228,0.5299145299145299,0.016859049553588808,0.7600534647312552,0.0007755010481406122,0.000731384173692362,82,-0.023022739958156267,-0.7946182844401258,0.47560975609756095,-0.026869753720557648,-0.9779639229387491,-0.00439076566786149,0.0031075030998195265,"{'2022': 0.0562, '2023': -0.003, '2024': 0.0213, '2025': -0.0438, '2026': 0.0095}",3,5,0.42683557902142677,False,False,False,False,False,False,False
H10,20,1,117,0.018609914677052655,0.6854482946898313,0.5982905982905983,0.021343570229594606,0.8561373543530827,0.0014264785517377192,0.000731384173692362,82,-0.030943385279404465,-0.8081332546779342,0.43902439024390244,-0.027181103053336955,-0.7319570149565126,-0.009204905351507817,0.003071928454677674,"{'2022': 0.0103, '2023': 0.0111, '2024': 0.029, '2025': -0.0534, '2026': 0.0041}",4,5,0.4190138757550288,False,False,False,True,False,False,False
H11,5,1,117,0.023749161878012133,1.4762237026655018,0.5555555555555556,0.025402200672730954,1.6535575024390408,0.0014229737223640233,0.0,82,-0.006390828194564496,-0.3174903824780919,0.45121951219512196,-0.007967595680344759,-0.4149025652771983,-0.0006233526577515375,0.0035205640577519455,"{'2022': 0.0549, '2023': 0.0144, '2024': 0.0225, '2025': -0.0144, '2026': 0.0061}",4,5,0.7508715359640509,False,False,False,True,False,False,False
H11,10,1,117,0.02550114418616949,1.4029920175824144,0.5555555555555556,0.025892855064489243,1.4994663241561552,0.003314627014262018,0.0,82,-0.008320456117538705,-0.3466597947583645,0.47560975609756095,-0.011972700344495303,-0.5259984629505069,-0.0015899340503684547,0.0035205640577519455,"{'2022': 0.0649, '2023': 0.0152, '2024': 0.0224, '2025': -0.0222, '2026': 0.0133}",4,5,0.728846918392832,False,False,False,True,False,False,False
H11,20,1,117,0.03269629301000105,1.6118782903464965,0.5982905982905983,0.03417899021079205,1.8324012538378562,0.006949504041660551,0.0,82,-0.014214891088577744,-0.481260789181619,0.4146341463414634,-0.011680995498157671,-0.4100915867344901,-0.004637529549147368,0.0035205640577519455,"{'2022': 0.0399, '2023': 0.033, '2024': 0.0299, '2025': -0.0272, '2026': 0.0061}",4,5,0.6303311613561746,False,False,False,True,False,False,False
H12,5,1,117,0.0029552414736359624,0.210122811852723,0.5384615384615384,0.005092630560980833,0.3766811774761204,-6.0422991104717554e-05,0.0,82,0.004247497603440853,0.2531641269457696,0.524390243902439,0.004086565680583716,0.2479093960146097,0.00046746286187608166,0.0016960829450384165,"{'2022': 0.0135, '2023': -0.0121, '2024': 0.0144, '2025': 0.0029, '2026': 0.0064}",4,5,0.8001413862459223,False,False,False,True,False,False,False
H12,10,1,117,-0.002206682315075204,-0.14504557031939153,0.48717948717948717,-5.0001926446006226e-05,-0.003275881281154481,-6.229085014542935e-06,0.0,82,0.004172969277049576,0.21641836643898743,0.5365853658536586,0.006903838263160761,0.35755739868970515,0.0016709834782264352,0.0016960829450384165,"{'2022': 0.0099, '2023': -0.0244, '2024': 0.0159, '2025': 0.0018, '2026': 0.0078}",4,5,0.8286616511360084,False,False,False,True,False,False,False
H12,20,1,117,-0.005467085651749575,-0.2925648152016135,0.5299145299145299,-0.001885364110399876,-0.10379810024218702,-0.0009321070206676633,0.0,82,0.004444890497827794,0.18699821103751876,0.573170731707317,0.009299286466889671,0.4035983064409188,0.0031155497956099646,0.0016960829450384165,"{'2022': -0.0396, '2023': -0.0191, '2024': 0.0198, '2025': 0.0121, '2026': -0.0076}",2,5,0.8516620355908427,False,False,False,False,False,False,False
H2,5,1,117,0.015259970557374181,1.2037815955431137,0.5042735042735043,-0.0006226231386562689,-0.23233593795078017,0.00268752836204715,0.0,82,8.599924559424808e-05,0.005552022341321702,0.5,0.002678562125099624,0.8473226378481188,0.0014004549375803194,0.003191802816860243,"{'2022': 0.0482, '2023': 0.0096, '2024': 0.0097, '2025': -0.0017, '2026': 0.0028}",4,5,0.9955701498509583,False,False,False,True,False,False,False
H2,10,1,117,0.009357382404902956,0.8403675852483911,0.5470085470085471,0.000673905345733441,0.288521476372127,0.0017175948308963919,0.0,82,0.015162607580002561,0.9513543026528448,0.524390243902439,-0.00037406899412173477,-0.13154361805941375,0.003341372909705569,0.003191802816860243,"{'2022': 0.046, '2023': 0.0008, '2024': 0.0055, '2025': 0.0244, '2026': 0.0008}",5,5,0.3414245496088608,False,False,False,True,True,False,False
H2,20,1,117,0.008185287968408972,0.7827092786903712,0.5299145299145299,-6.412318588646559e-05,-0.029715231435057096,0.002141664166996138,0.0,82,0.010086263121163518,0.8449167453032158,0.5121951219512195,-0.0025669865954229118,-0.9629557277427789,0.003847137424052044,0.003191802816860243,"{'2022': 0.0281, '2023': 0.0032, '2024': 0.0064, '2025': 0.015, '2026': 0.0024}",5,5,0.3981573243308746,False,False,False,True,False,False,False
H3,5,1,117,0.018832241244342345,1.0801902829225223,0.5555555555555556,0.01637347398735388,1.0033445349530072,0.0019440547440007973,0.0,82,0.011699264635456279,0.612877778142026,0.5365853658536586,0.011710083409791726,0.6300482885342445,0.000750971877503212,0.004368333523422528,"{'2022': 0.0306, '2023': -0.0066, '2024': 0.0403, '2025': 0.0187, '2026': 0.0008}",4,5,0.5399571577049797,False,False,False,True,False,False,False
H3,10,1,117,0.020555141436891407,1.137509059738121,0.5726495726495726,0.017960919334124453,1.041051211435579,0.003915610244829545,0.0,82,0.004698398088007533,0.23393053242567355,0.5121951219512195,0.005191600442625979,0.2677082518347189,0.0013757684198641503,0.004368333523422528,"{'2022': 0.0359, '2023': -0.0106, '2024': 0.0465, '2025': 0.0141, '2026': -0.0099}",3,5,0.8150389093077459,False,False,False,False,False,False,False
H3,20,1,117,0.02366212708895351,1.0605031218193588,0.6068376068376068,0.024640761241942255,1.193671286670493,0.007500076245826207,0.0,82,0.006482922523977782,0.2680413856467917,0.5365853658536586,0.007424336412754515,0.31286463905322803,0.0035034444066794445,0.004353491045007473,"{'2022': 0.0079, '2023': 0.0044, '2024': 0.0483, '2025': 0.0168, '2026': -0.0096}",4,5,0.7886674627499954,False,False,False,True,False,False,False
H4,5,1,117,0.011574931814872994,0.6017415348095775,0.5641025641025641,0.013562461944740098,0.7445903315944253,5.685938323061098e-05,0.0,82,-0.00042076506897902754,-0.02135906721510819,0.5,-0.0011014534508712553,-0.05763949058404552,-0.0008432745166782851,0.0031371572037341483,"{'2022': 0.0324, '2023': -0.0123, '2024': 0.0284, '2025': -0.0056, '2026': 0.0077}",3,5,0.9829592257403325,False,False,False,False,False,False,False
H4,10,1,117,0.01264832066833569,0.5933244150122207,0.5726495726495726,0.014078001511160934,0.677411990292619,0.0014241365653967835,0.0,82,-0.004504195427371184,-0.1881442557610678,0.524390243902439,-0.0034242864644799167,-0.1460277537903859,-0.0009983020341367674,0.0031468119035152216,"{'2022': 0.0358, '2023': -0.0195, '2024': 0.0369, '2025': -0.0152, '2026': 0.0122}",3,5,0.8507635694395488,False,False,False,False,False,False,False
H4,20,1,117,0.019062110484316504,0.6902912316009294,0.6239316239316239,0.024523575398089678,0.9311718302819995,0.00352193654933946,0.0,82,-0.0010489795159153285,-0.036520067673586065,0.45121951219512196,0.0044623955297351595,0.15893859749258854,-0.001266172932771702,0.0031468119035152216,"{'2022': -0.0199, '2023': 0.0024, '2024': 0.0489, '2025': -0.0076, '2026': 0.0091}",3,5,0.9708676776918713,False,False,False,False,False,False,False
H5,5,1,117,-0.0011920200446314043,-0.09132502197294469,0.4700854700854701,0.0004984355735326747,0.03832180952701868,3.446248314076899e-05,0.0,82,0.016939861053217483,0.8751379739472727,0.573170731707317,0.018724047375218742,0.9942421072218148,0.0020637258798524172,0.0035644968495437326,"{'2022': -0.0386, '2023': -0.0081, '2024': 0.0185, '2025': 0.0269, '2026': 0.0014}",3,5,0.3814988372327509,False,False,False,False,False,False,False
H5,10,1,117,-0.0011665640926060814,-0.08610929975397612,0.5299145299145299,-0.00039875375787351715,-0.030160032854562875,0.0006439618712178467,0.0,82,0.01803818273144519,0.8670358550876751,0.5853658536585366,0.023113700127030765,1.1236936638543613,0.0047142463650921606,0.0035644968495437326,"{'2022': -0.0459, '2023': -0.0113, '2024': 0.0242, '2025': 0.0334, '2026': -0.006}",2,5,0.3859223644745988,False,False,False,False,True,False,False
H5,20,1,117,0.000966616921422925,0.06223086941753188,0.5042735042735043,0.0036503545006857235,0.24038968904458125,0.001642506860181169,0.0,82,0.03440964878590911,1.2318466105340584,0.6707317073170732,0.036248156818175205,1.3296680960323373,0.010982333892843912,0.0035644968495437326,"{'2022': -0.0673, '2023': -0.006, '2024': 0.0311, '2025': 0.0581, '2026': -0.0026}",2,5,0.21800638817310913,False,False,False,False,False,False,False
H6,5,-1,117,-0.0034573335827733655,-0.5110263989735275,0.5128205128205128,-0.009098267502505435,-1.5507112467283428,0.0002852605324540039,0.0,82,-0.0016501635248361074,-0.2672711044660684,0.5365853658536586,-0.0020867553130253695,-0.3221079735366002,-0.000371379171076199,0.003719877749072952,"{'2022': -0.0017, '2023': 0.0021, '2024': -0.0096, '2025': 0.0032, '2026': -0.0092}",3,5,0.7892604330477296,False,False,False,False,False,False,False
H6,10,-1,117,-0.0017982737898421637,-0.28124895288338536,0.5213675213675214,-0.002527564590813465,-0.4741093810839538,0.00021944581625000926,0.0,82,-0.0069367068879483025,-1.1575582185948279,0.5121951219512195,-0.00391701686832002,-0.6034096742901484,-0.00014562428037534505,0.003714268182459155,"{'2022': -0.005, '2023': 0.0048, '2024': -0.0073, '2025': -0.0047, '2026': -0.0104}",4,5,0.24704436805749141,False,False,False,True,False,False,False
H6,20,-1,117,-0.009679877629767629,-1.670433398831117,0.5726495726495726,-0.006685895539431464,-1.2210781479300061,-0.0017770392679046013,0.0,82,-0.00452717561956731,-0.665685264385351,0.5975609756097561,0.00010244390510006061,0.013617023505120018,-0.0023384849853548377,0.0036622180848844307,"{'2022': -0.0135, '2023': -0.0081, '2024': -0.01, '2025': 0.0017, '2026': -0.0142}",4,5,0.5056122941583066,False,False,False,True,False,False,False
H7,5,-1,117,-0.01454554810139026,-1.115549876490024,0.5213675213675214,-0.006327302113047225,-0.4913738386653266,-0.0023143967425867666,0.0,82,-0.0057267509515282,-0.3488854935271454,0.47560975609756095,-0.007682057543746044,-0.5319803414203164,-0.0015951384060156981,0.0024570678699030253,"{'2022': -0.0291, '2023': -0.0117, '2024': -0.0124, '2025': -0.0152, '2026': 0.0091}",4,5,0.727175276221153,False,False,False,True,False,False,False
H7,10,-1,117,-0.007594305161040302,-0.5966573364548171,0.5213675213675214,-0.00386791027855109,-0.3289536864817445,-0.0013189739267305666,0.0,82,-0.008618773363564107,-0.5141628544232805,0.4634146341463415,0.0016163134856546748,0.11999050708388077,-0.0014263962483836796,0.0024570678699030253,"{'2022': -0.0122, '2023': -0.0076, '2024': -0.006, '2025': -0.0248, '2026': 0.0167}",4,5,0.6071381356925585,False,False,False,True,False,False,False
H7,20,-1,117,0.0031318873456239807,0.2164779104986975,0.452991452991453,0.010288814373573998,0.7624101179619595,-0.0005173673557933283,0.0,82,0.00822591016683966,0.5315412020816289,0.47560975609756095,0.021164317827992163,1.4159591722598068,0.00255209045374342,0.002461055764321465,"{'2022': -0.0112, '2023': 0.0008, '2024': 0.0104, '2025': -0.0002, '2026': 0.0214}",2,5,0.5950437974900291,False,False,False,False,False,False,False
H8,5,1,117,-0.004764997762118711,-0.9245648996110757,0.5042735042735043,-0.0036704950176126533,-0.8165611264231483,-0.0007744023123281476,0.0,82,0.0023375844419356064,0.32157798936238413,0.5365853658536586,0.0021262665018471397,0.31017164333348546,0.0002635752633395507,0.0038485622998402913,"{'2022': -0.012, '2023': -0.0047, '2024': -0.0024, '2025': -0.0071, '2026': 0.017}",1,5,0.7477724207398451,False,False,False,False,False,False,False
H8,10,1,117,-0.0039561019742776656,-0.7498961712092316,0.48717948717948717,-0.0017695419730650096,-0.38782648815841614,-0.0007593770496040048,0.0,82,-0.0052670768509305126,-0.6870500743602977,0.4024390243902439,-0.003443761998241693,-0.5348870302085544,-0.0009363185864473934,0.0038485622998402913,"{'2022': -0.0188, '2023': -0.0021, '2024': -0.0008, '2025': -0.0126, '2026': 0.0062}",1,5,0.4920511739300415,False,False,False,False,False,False,False
H8,20,1,117,-0.006661486334189397,-1.501789019457816,0.48717948717948717,-0.003918866675729718,-0.9360347901607585,-0.0024247509674927797,0.0,82,-0.002732866255258587,-0.5140255806081935,0.43902439024390244,-0.0029016758501036765,-0.5909437409444944,1.8441295510594854e-06,0.0038790154015295804,"{'2022': -0.0197, '2023': -0.0057, '2024': -0.0032, '2025': -0.0089, '2026': 0.007}",1,5,0.6072341060911572,False,False,False,False,False,False,False
